SAMPLE_NAME	AtMSQTsnp 10	AtMSQTsnp 100	AtMSQTsnp 101	AtMSQTsnp 104	AtMSQTsnp 108	AtMSQTsnp 11	AtMSQTsnp 114	AtMSQTsnp 118	AtMSQTsnp 12	AtMSQTsnp 123	AtMSQTsnp 126	AtMSQTsnp 128	AtMSQTsnp 129	AtMSQTsnp 130	AtMSQTsnp 132	AtMSQTsnp 138	AtMSQTsnp 14	AtMSQTsnp 140	AtMSQTsnp 142	AtMSQTsnp 143	AtMSQTsnp 145	AtMSQTsnp 146	AtMSQTsnp 15	AtMSQTsnp 155	AtMSQTsnp 156	AtMSQTsnp 159	AtMSQTsnp 164	AtMSQTsnp 169	AtMSQTsnp 170	AtMSQTsnp 173	AtMSQTsnp 174	AtMSQTsnp 177	AtMSQTsnp 18	AtMSQTsnp 184	AtMSQTsnp 186	AtMSQTsnp 187	AtMSQTsnp 188	AtMSQTsnp 189	AtMSQTsnp 191	AtMSQTsnp 194	AtMSQTsnp 197	AtMSQTsnp 198	AtMSQTsnp 2	AtMSQTsnp 203	AtMSQTsnp 205	AtMSQTsnp 21	AtMSQTsnp 214	AtMSQTsnp 22	AtMSQTsnp 220	AtMSQTsnp 222	AtMSQTsnp 223	AtMSQTsnp 231	AtMSQTsnp 232	AtMSQTsnp 235	AtMSQTsnp 237	AtMSQTsnp 242	AtMSQTsnp 244	AtMSQTsnp 249	AtMSQTsnp 254	AtMSQTsnp 260	AtMSQTsnp 263	AtMSQTsnp 266	AtMSQTsnp 267	AtMSQTsnp 27	AtMSQTsnp 274	AtMSQTsnp 278	AtMSQTsnp 279	AtMSQTsnp 281	AtMSQTsnp 282	AtMSQTsnp 285	AtMSQTsnp 286	AtMSQTsnp 288	AtMSQTsnp 29	AtMSQTsnp 292	AtMSQTsnp 294	AtMSQTsnp 30	AtMSQTsnp 300	AtMSQTsnp 304	AtMSQTsnp 306	AtMSQTsnp 307	AtMSQTsnp 31	AtMSQTsnp 310	AtMSQTsnp 312	AtMSQTsnp 315	AtMSQTsnp 321	AtMSQTsnp 323	AtMSQTsnp 325	AtMSQTsnp 327	AtMSQTsnp 33	AtMSQTsnp 331	AtMSQTsnp 334	AtMSQTsnp 343	AtMSQTsnp 350	AtMSQTsnp 351	AtMSQTsnp 355	AtMSQTsnp 358	AtMSQTsnp 359	AtMSQTsnp 360	AtMSQTsnp 361	AtMSQTsnp 368	AtMSQTsnp 370	AtMSQTsnp 372	AtMSQTsnp 373	AtMSQTsnp 378	AtMSQTsnp 379	AtMSQTsnp 38	AtMSQTsnp 388	AtMSQTsnp 390	AtMSQTsnp 392	AtMSQTsnp 394	AtMSQTsnp 395	AtMSQTsnp 397	AtMSQTsnp 398	AtMSQTsnp 399	AtMSQTsnp 4	AtMSQTsnp 40	AtMSQTsnp 404	AtMSQTsnp 406	AtMSQTsnp 408	AtMSQTsnp 409	AtMSQTsnp 41	AtMSQTsnp 410	AtMSQTsnp 412	AtMSQTsnp 415	AtMSQTsnp 47	AtMSQTsnp 48	AtMSQTsnp 49	AtMSQTsnp 53	AtMSQTsnp 54	AtMSQTsnp 57	AtMSQTsnp 58	AtMSQTsnp 60	AtMSQTsnp 61	AtMSQTsnp 62	AtMSQTsnp 63	AtMSQTsnp 65	AtMSQTsnp 67	AtMSQTsnp 69	AtMSQTsnp 73	AtMSQTsnp 76	AtMSQTsnp 8	AtMSQTsnp 85	AtMSQTsnp 87	AtMSQTsnp 88	AtMSQTsnp 9	AtMSQTsnp 90	AtMSQTsnp 91	AtMSQTsnp 92	AtMSQTsnp 97
1-1a_A02	G	G	A	C	A	T	G	G	G	G	G	G	A	C	T	T	A	A	T	A	C	NA	T	A	C	C	C	T	NA	A	G	A	C	T	T	A	C	G	A	T	A	T	G	A	T	C	NA	G	A	G	A	NA	A	A	T	T	G	G	A	C	C	G	CT	A	NA	G	T	C	A	T	G	G	A	NA	G	T	A	T	NA	T	G	NA	C	T	C	A	C	T	NA	G	C	C	A	A	G	G	G	G	G	A	G	A	G	G	G	C	C	T	A	A	A	G	NA	A	C	NA	T	A	A	NA	C	A	NA	A	A	C	T	T	G	T	C	T	NA	A	A	A	A	T	NA	T	A	NA	T	G	NA	T	G	G	G
1-2a_A03	G	G	A	C	A	T	G	G	G	G	G	G	A	C	T	NA	A	A	T	A	C	NA	T	A	C	C	C	T	C	A	G	A	C	T	T	A	C	G	A	T	A	T	G	A	T	C	NA	G	A	G	A	G	A	A	T	T	G	G	A	C	C	G	CT	A	T	G	T	C	A	T	G	G	A	T	G	T	A	T	G	T	G	C	C	T	C	A	C	T	NA	G	C	C	A	A	G	G	G	G	G	A	G	A	G	G	G	C	C	T	A	A	A	G	NA	A	C	G	T	A	A	NA	C	A	T	A	A	C	T	T	G	T	C	T	C	A	A	A	A	T	NA	T	A	NA	T	G	T	T	G	G	G
1-3a_A04	G	G	A	C	A	T	G	G	G	G	G	G	A	C	T	CT	A	A	T	A	C	NA	T	A	C	C	C	T	NA	A	G	A	C	T	T	A	C	G	A	T	A	T	G	A	T	C	NA	G	A	G	A	G	A	A	T	T	G	G	A	C	C	G	CT	A	T	G	T	C	A	T	G	G	A	T	G	T	A	T	G	T	G	C	C	T	C	A	C	T	NA	G	C	C	A	A	G	G	G	G	G	A	G	A	G	G	G	C	C	T	A	A	A	G	NA	A	C	NA	T	A	A	NA	C	A	NA	A	A	C	T	T	G	T	C	T	NA	A	A	A	A	T	T	T	A	NA	T	G	NA	T	G	G	G
2-1a_A05	A	G	A	C	A	C	G	G	G	A	G	T	G	T	T	CT	T	A	C	C	C	NA	T	A	C	C	C	T	A	G	A	G	G	T	T	T	C	A	A	T	A	C	G	T	C	C	NA	G	G	G	G	A	A	A	C	T	G	A	C	C	T	T	CT	G	T	A	C	C	T	T	C	A	T	T	G	C	G	T	G	T	T	C	C	A	A	A	C	G	NA	C	C	C	G	G	G	G	G	G	G	A	A	A	G	C	A	A	A	C	G	A	A	T	NA	A	C	G	C	A	A	NA	C	A	A	A	C	T	T	C	A	C	C	A	C	A	A	A	G	T	NA	C	A	T	C	G	G	T	A	G	G
2-2a_A06	G	G	A	T	A	T	G	A	A	A	G	T	G	T	T	T	A	A	C	A	C	NA	T	NA	C	C	C	T	NA	G	G	G	C	T	T	T	C	A	A	T	A	C	G	T	C	C	NA	G	G	G	G	NA	A	A	C	T	G	A	A	C	T	T	CT	G	NA	A	C	C	T	T	C	A	T	NA	G	NA	G	T	G	T	T	NA	C	A	C	A	C	G	NA	C	C	C	A	A	T	A	T	NA	G	A	G	A	G	G	G	A	C	C	A	G	A	G	NA	G	A	NA	T	NA	A	NA	C	G	NA	G	A	C	T	C	A	T	C	T	NA	A	C	G	G	T	C	T	G	NA	C	G	NA	C	A	G	C
2-3a_A07	G	G	A	T	A	T	G	G	NA	A	NA	G	NA	C	T	T	A	A	C	NA	C	NA	C	NA	C	C	A	G	NA	A	G	G	C	A	T	T	C	G	C	A	A	T	G	A	C	C	NA	A	A	G	A	NA	A	G	T	NA	A	G	C	A	T	G	NA	A	NA	A	T	C	T	C	G	G	A	NA	G	NA	A	T	NA	T	G	NA	C	A	A	A	C	T	NA	C	C	T	A	G	T	G	G	G	G	A	NA	NA	G	NA	A	C	NA	NA	A	A	A	G	NA	G	A	NA	T	NA	G	NA	C	A	NA	G	A	T	NA	C	A	T	C	T	NA	NA	A	A	G	G	T	T	A	T	T	G	NA	C	A	A	G
3-1a_A08	G	G	NA	T	NA	C	NA	NA	NA	NA	NA	T	NA	T	T	T	NA	NA	NA	NA	C	NA	NA	NA	NA	C	C	G	NA	A	G	G	C	A	NA	A	T	NA	A	T	G	C	G	NA	NA	C	NA	G	A	G	G	NA	C	NA	T	NA	G	A	NA	C	T	T	T	A	NA	G	T	C	A	T	NA	G	A	NA	T	NA	A	C	NA	A	T	NA	C	T	C	G	T	NA	NA	C	T	C	G	A	G	G	T	G	A	NA	NA	NA	G	NA	A	C	NA	NA	G	A	A	G	NA	G	A	NA	C	NA	A	NA	T	A	NA	G	NA	C	NA	T	A	T	G	NA	NA	NA	C	A	G	T	C	NA	G	NA	C	G	NA	NA	A	G	G
3-2a_A09	G	G	A	T	G	C	A	A	G	A	G	T	A	T	T	T	T	A	C	A	C	NA	T	A	C	C	C	G	NA	A	G	G	C	A	T	A	T	A	A	T	G	C	G	A	T	C	NA	G	A	G	G	NA	C	G	T	C	G	A	C	C	T	T	T	A	NA	G	T	C	A	T	C	G	A	NA	T	T	A	C	C	A	T	C	C	T	C	G	T	T	NA	C	T	C	G	A	G	G	T	G	A	A	A	A	G	G	A	C	A	C	G	A	A	G	NA	G	A	NA	C	G	A	NA	T	A	NA	G	A	C	T	T	A	T	G	A	NA	A	C	A	G	T	NA	T	G	NA	C	G	NA	T	A	G	G
3-3a_A10	G	G	A	T	G	C	A	A	G	A	G	T	A	T	T	T	T	A	C	A	C	NA	T	A	C	C	C	G	NA	A	G	G	C	A	T	A	T	A	A	T	G	C	G	A	T	C	NA	G	A	G	G	NA	C	G	T	C	G	A	C	C	T	T	T	A	T	G	T	C	A	T	C	G	A	NA	T	T	A	C	C	A	T	C	C	T	C	G	T	T	NA	C	T	C	G	A	G	G	T	G	A	A	A	A	G	G	A	C	A	C	G	A	A	G	NA	G	A	C	C	G	A	NA	T	A	NA	G	A	C	T	T	A	T	G	A	C	A	C	A	G	T	NA	T	G	NA	C	G	NA	T	A	G	G
4-1a_A11	G	G	A	T	A	C	G	A	G	G	G	G	G	T	T	CT	T	C	T	A	C	NA	T	A	C	C	C	T	A	G	G	G	C	A	T	A	C	A	A	T	A	T	G	A	T	C	NA	G	G	T	A	G	A	A	T	C	A	G	A	C	T	G	C	A	G	G	T	T	T	T	C	G	A	T	G	T	A	T	C	T	G	C	C	T	C	A	T	T	NA	G	C	C	A	G	G	A	T	G	G	A	G	A	G	C	A	A	C	C	A	G	G	T	NA	A	C	C	T	G	A	NA	T	A	T	G	A	T	T	C	A	T	C	T	T	A	C	A	G	G	NA	T	A	NA	C	G	G	T	A	G	C
5-1a_A12	G	G	A	T	G	C	A	A	G	A	G	T	A	T	T	T	T	A	C	A	C	NA	T	A	C	C	C	G	NA	A	G	G	C	A	T	A	T	A	A	T	G	C	G	A	T	C	NA	G	A	G	G	A	C	G	T	C	G	A	C	C	T	T	T	A	T	G	T	C	A	T	C	G	A	C	T	T	A	C	C	A	T	C	C	T	C	G	T	T	NA	C	T	C	G	A	G	G	T	G	A	A	A	A	G	G	A	C	A	C	G	A	A	G	NA	G	A	C	C	G	A	NA	T	A	A	G	A	C	T	T	A	T	G	A	NA	A	C	A	G	T	NA	T	G	NA	C	G	T	T	A	G	G
5-2a_B01	G	G	A	T	NA	C	A	A	NA	A	G	T	A	T	T	T	T	A	C	NA	C	NA	T	A	C	C	C	G	A	NA	G	G	C	A	T	A	T	A	A	T	G	C	G	A	T	C	NA	G	A	NA	G	A	C	G	T	C	G	A	C	C	T	T	T	A	NA	G	T	C	NA	T	C	G	NA	NA	T	T	A	C	C	A	T	C	C	T	C	G	T	T	NA	C	T	C	G	A	G	G	T	G	A	A	A	A	G	G	A	NA	A	NA	G	A	A	G	NA	G	A	C	C	G	A	NA	T	A	NA	G	A	C	T	T	NA	T	G	A	NA	A	C	A	G	T	NA	T	G	NA	C	G	NA	T	A	G	G
5-3a_B02	G	G	G	C	A	C	G	G	A	G	G	G	A	T	C	T	T	A	C	C	C	NA	T	A	C	C	C	T	C	A	A	G	C	A	T	A	C	A	A	A	A	T	G	A	T	C	NA	G	G	G	A	A	C	A	T	C	G	G	A	C	T	G	T	A	NA	G	C	T	A	T	G	A	T	T	G	C	A	T	G	A	T	A	C	T	C	A	C	T	NA	C	C	T	A	A	G	G	G	G	G	A	G	NA	A	G	G	A	C	C	A	A	A	G	NA	A	C	G	C	A	G	NA	C	A	T	G	A	T	C	C	G	C	C	A	C	A	A	G	G	T	NA	T	A	NA	C	G	G	T	A	G	NA
5-3a_C04	G	G	G	C	A	C	G	G	A	G	G	G	A	T	C	T	T	A	C	C	C	NA	T	A	C	C	C	T	C	A	A	G	C	A	T	A	C	A	A	A	A	T	G	A	T	C	NA	G	G	G	A	A	C	A	T	C	G	G	A	C	T	G	T	A	NA	G	C	T	A	T	G	A	T	T	G	C	A	T	G	TA	T	A	C	T	C	A	C	T	NA	C	C	T	A	A	G	G	G	G	G	A	G	NA	A	G	G	A	C	C	A	A	A	G	NA	A	C	G	C	A	G	NA	C	A	T	G	A	T	C	C	G	C	C	A	C	A	A	G	G	T	NA	T	A	NA	C	G	G	T	A	G	NA
5-4a_B03	G	G	A	T	G	C	A	A	G	A	G	T	A	T	T	T	T	A	C	A	C	NA	T	A	C	C	C	G	NA	A	G	G	C	A	T	A	T	A	A	T	G	C	G	A	T	C	NA	G	A	G	G	A	C	G	T	C	G	A	C	C	T	T	T	A	NA	G	T	C	A	T	C	G	A	NA	T	T	A	C	C	A	T	C	C	T	C	G	T	T	NA	C	T	C	G	A	G	G	T	G	A	A	A	A	G	G	A	NA	A	C	G	A	A	G	NA	G	A	C	C	G	A	NA	T	A	NA	G	A	C	T	T	A	T	G	A	C	A	C	A	G	T	NA	T	G	NA	C	G	NA	T	A	G	G
6-7a_B04	G	G	A	T	A	T	G	A	A	G	G	G	G	T	C	CT	T	A	T	A	C	NA	T	A	C	C	C	T	C	A	A	G	C	A	T	T	C	A	A	T	A	C	G	T	C	C	NA	G	G	G	G	G	A	A	C	T	G	A	A	C	T	T	T	G	G	A	C	C	T	T	G	G	T	C	G	C	G	T	G	T	T	C	C	A	C	A	C	G	NA	C	C	C	A	A	T	A	T	T	G	A	G	A	G	G	G	A	C	C	A	G	A	G	NA	G	A	C	T	A	A	NA	C	G	A	G	A	C	T	C	A	T	C	T	C	A	A	G	G	G	NA	C	A	NA	C	G	T	C	A	G	C
7-1a_B05	G	G	G	C	A	T	A	G	A	A	G	G	G	NA	T	T	A	A	C	C	C	NA	T	A	C	C	C	G	C	A	A	G	C	T	T	A	C	G	A	T	A	T	G	T	C	C	NA	G	G	G	A	G	A	A	T	T	G	A	C	C	T	T	CT	A	T	NA	C	T	A	T	G	G	T	T	G	C	G	C	C	T	T	C	C	T	C	A	C	T	NA	C	C	T	A	A	T	A	G	G	G	A	G	NA	G	C	G	A	C	T	G	G	A	G	NA	A	C	C	C	A	G	NA	C	A	T	A	C	T	T	C	NA	C	C	T	C	A	A	A	A	G	NA	C	A	NA	C	G	T	T	A	G	G
8-1a_B06	A	G	A	T	A	C	A	G	A	G	G	G	G	C	T	T	A	A	C	C	C	A	C	A	C	C	A	G	A	A	G	G	C	T	T	A	C	G	A	T	A	T	G	A	C	T	NA	G	G	G	G	G	A	G	T	C	G	A	A	A	T	G	T	A	G	G	T	C	T	T	C	G	T	C	G	C	G	C	C	T	T	C	C	A	C	A	C	G	NA	C	C	T	G	G	G	G	G	G	G	G	G	NA	A	G	G	A	C	C	A	A	A	T	NA	A	C	C	T	G	G	NA	C	G	T	A	A	C	C	T	NA	T	C	A	C	A	A	A	A	T	NA	T	A	NA	C	G	G	T	G	A	G
Ang-1_D08	G	G	G	C	G	C	G	A	G	G	G	G	G	T	T	T	A	C	C	C	C	NA	T	G	T	C	A	T	C	A	G	G	C	T	T	A	C	G	A	T	A	T	G	T	T	C	NA	G	A	G	G	A	C	G	C	C	G	A	A	C	T	T	C	A	NA	G	C	T	T	C	C	G	T	C	G	T	A	T	C	T	G	C	T	A	C	G	C	T	NA	G	T	C	A	A	G	A	T	T	A	G	A	A	NA	G	G	C	C	C	G	G	A	T	NA	A	C	C	T	A	A	NA	C	A	A	A	A	C	T	T	A	T	C	T	C	A	A	G	G	T	NA	C	A	NA	C	G	T	C	G	G	G
Bas-1_F11	A	A	G	C	A	T	A	NA	G	G	A	G	AG	T	T	T	A	A	C	A	T	NA	NA	A	C	T	A	G	C	AG	A	G	C	T	T	T	T	NA	C	T	A	C	G	A	C	NA	NA	A	G	G	A	G	C	NA	C	C	A	A	NA	C	C	T	T	G	T	A	C	C	T	C	C	G	T	NA	G	T	G	C	G	A	G	NA	C	T	A	G	T	G	NA	C	C	T	G	G	T	G	G	G	G	G	G	A	G	C	G	A	C	NA	A	A	G	T	NA	GA	NA	G	T	G	G	NA	CT	G	A	NA	A	T	C	C	A	NA	C	T	C	A	C	A	A	G	NA	T	A	NA	C	A	T	C	NA	A	C
Bas-3_F12	A	A	NA	C	NA	C	NA	NA	NA	NA	NA	NA	NA	T	C	T	NA	NA	NA	NA	T	NA	NA	NA	NA	T	NA	G	NA	NA	A	G	C	T	NA	T	T	NA	A	A	A	C	NA	NA	NA	C	NA	A	G	NA	A	NA	C	NA	C	NA	A	A	NA	C	C	T	C	NA	NA	G	NA	C	NA	C	NA	G	NA	NA	T	NA	G	C	NA	A	NA	NA	C	NA	C	G	T	NA	NA	NA	C	T	G	G	T	G	G	NA	G	NA	NA	NA	NA	NA	G	A	NA	NA	G	A	G	G	NA	G	A	NA	T	NA	NA	NA	T	G	NA	NA	NA	T	NA	C	A	C	C	NA	NA	NA	NA	A	NA	G	NA	NA	A	NA	C	G	NA	NA	G	NA	C
Bay-0_D01	G	G	A	C	G	T	G	A	G	A	G	G	A	T	C	T	A	A	T	A	T	NA	C	A	C	T	C	T	A	G	G	G	C	A	A	A	C	G	A	A	A	T	G	A	C	C	NA	A	G	T	G	A	A	A	T	C	A	A	C	C	C	T	C	G	G	A	C	T	T	T	G	G	T	C	G	C	A	C	C	T	T	A	T	A	A	A	T	G	NA	G	C	T	A	G	T	A	T	T	A	A	G	A	G	G	A	A	C	T	G	A	A	T	NA	A	A	C	C	G	A	NA	T	A	A	A	C	C	C	C	G	T	C	A	C	A	C	A	G	T	NA	T	A	T	C	G	G	C	G	G	C
Bij-1_G06	NA	NA	NA	NA	NA	NA	NA	NA	NA	NA	NA	NA	NA	NA	NA	NA	NA	NA	NA	NA	NA	NA	NA	NA	NA	NA	NA	NA	NA	NA	NA	NA	NA	NA	NA	NA	NA	NA	NA	NA	NA	NA	NA	NA	NA	NA	NA	NA	NA	NA	NA	NA	NA	NA	NA	NA	NA	NA	NA	NA	NA	NA	NA	NA	NA	NA	NA	NA	NA	NA	NA	NA	NA	NA	NA	NA	NA	NA	NA	NA	NA	NA	NA	NA	NA	NA	NA	NA	NA	NA	NA	NA	NA	NA	NA	NA	NA	NA	NA	NA	NA	NA	NA	NA	NA	NA	NA	NA	NA	NA	NA	NA	NA	NA	NA	NA	NA	NA	NA	NA	NA	NA	NA	NA	NA	NA	NA	NA	NA	NA	NA	NA	NA	NA	NA	NA	NA	NA	NA	NA	NA	NA	NA	NA	NA	NA	NA	NA	C
Bla-1_B07	G	A	A	T	A	T	A	A	G	A	G	G	A	C	C	C	T	C	T	C	C	NA	T	G	T	C	C	G	A	G	G	G	G	T	A	T	T	G	C	T	A	T	A	A	C	T	NA	G	G	T	G	A	A	A	T	C	A	A	C	A	T	G	CT	A	T	A	T	C	T	C	C	G	T	T	G	C	G	T	C	A	G	A	C	T	C	A	C	T	NA	G	C	C	A	G	G	A	G	G	G	G	G	NA	A	G	A	A	A	C	A	G	A	T	NA	G	C	G	C	A	A	NA	T	G	A	A	A	C	T	C	G	T	G	A	C	A	C	A	A	G	NA	C	G	NA	C	G	G	T	A	G	G
Bor-4_C12	G	NA	A	T	A	C	NA	G	A	NA	G	G	G	NA	NA	NA	NA	A	C	C	T	NA	NA	A	C	NA	A	NA	C	A	NA	G	C	T	T	A	T	A	C	T	A	T	NA	T	C	T	NA	G	NA	T	G	NA	C	A	C	T	NA	A	NA	A	T	G	T	G	NA	G	T	C	T	T	G	NA	T	T	G	C	A	NA	NA	T	G	NA	T	T	NA	A	C	NA	NA	G	C	T	NA	G	T	A	T	G	NA	G	G	A	G	G	G	A	NA	C	G	A	G	G	NA	G	A	C	NA	A	A	NA	C	NA	NA	NA	A	C	C	T	NA	NA	C	A	T	NA	NA	A	G	T	NA	T	NA	NA	T	NA	G	NA	A	G	C
Br-0_C06	G	G	G	T	A	T	G	A	G	A	A	G	G	C	T	T	A	C	T	A	T	NA	T	A	C	T	C	G	A	G	A	G	C	T	A	A	T	A	C	T	A	T	G	A	C	C	NA	A	G	T	G	A	A	G	C	C	A	G	A	C	C	T	CT	G	NA	NA	T	T	A	T	C	A	T	T	G	C	A	T	C	T	G	C	T	T	C	A	T	T	NA	C	C	C	G	A	T	A	G	G	A	G	G	A	G	C	A	C	C	C	G	A	G	G	NA	A	A	C	C	G	A	NA	C	A	A	A	A	T	C	T	G	T	C	T	C	A	A	A	G	G	NA	T	G	NA	C	G	T	C	G	G	C
Bur-0_C07	A	A	G	T	G	T	G	A	A	G	A	G	A	T	T	T	A	A	C	C	C	NA	C	G	T	C	C	T	C	G	G	A	G	A	T	A	C	G	A	A	G	C	A	T	T	C	NA	G	A	T	G	G	C	A	T	C	A	G	A	A	T	T	T	A	G	G	T	C	T	T	C	G	T	C	G	C	G	T	G	T	T	A	T	A	A	A	C	T	NA	G	C	C	A	G	T	G	T	T	A	G	A	NA	A	G	A	A	C	C	G	A	G	T	NA	A	A	G	C	G	A	NA	C	A	A	G	C	C	C	T	G	T	C	A	T	A	C	A	A	G	NA	T	A	T	C	G	G	T	G	G	C
Bur-0_E03	A	A	G	T	G	T	G	A	A	G	A	G	A	T	T	T	A	A	C	C	C	NA	C	G	T	C	C	T	NA	G	G	A	G	A	T	A	C	G	A	A	G	C	A	T	T	C	NA	G	A	T	G	G	C	A	T	C	A	G	A	A	T	T	T	A	NA	G	T	C	T	T	C	G	T	NA	G	C	G	T	G	T	T	A	T	A	A	A	C	T	NA	G	C	C	A	G	T	G	T	T	A	G	A	NA	A	G	A	A	C	C	G	A	G	T	NA	A	A	G	C	G	A	NA	C	A	A	G	C	C	C	T	G	T	C	A	T	A	C	A	A	G	NA	T	A	T	C	G	G	T	G	G	C
C24_D07	G	G	A	T	A	T	G	A	A	A	G	G	G	C	T	C	A	C	T	C	T	NA	C	G	T	T	A	T	C	G	A	G	C	T	A	A	C	A	A	A	G	T	G	NA	C	C	NA	A	G	T	A	A	A	G	C	T	A	A	A	C	T	T	C	G	NA	G	T	C	T	T	G	G	T	C	G	C	G	C	C	A	G	A	T	T	C	A	C	T	NA	C	C	T	A	A	T	A	T	T	A	A	G	A	G	NA	A	A	C	C	G	G	G	G	NA	A	A	C	C	G	A	NA	C	A	A	A	C	C	T	T	G	T	C	A	T	A	C	A	G	T	NA	C	G	T	C	G	T	T	A	G	G
Cal-0_G09	A	A	G	T	G	T	G	A	A	G	A	G	A	T	T	T	A	A	C	C	C	NA	C	G	T	C	C	T	C	G	G	A	G	A	T	A	C	G	A	A	G	C	A	T	T	C	NA	G	A	T	G	G	C	A	T	C	A	G	A	A	T	T	T	A	NA	G	T	C	T	T	C	G	T	C	G	C	G	T	G	T	T	A	T	A	A	A	C	T	NA	G	C	C	A	G	T	G	T	T	A	G	A	NA	A	G	A	A	C	C	G	A	G	T	NA	A	A	G	C	G	A	NA	C	A	A	G	C	C	C	T	NA	T	C	A	T	A	C	A	A	G	NA	T	A	T	C	G	G	T	G	G	C
Cha-1_G02	A	A	A	C	A	T	G	A	G	G	A	T	G	T	T	T	T	A	C	A	T	NA	C	G	T	T	A	G	C	A	A	G	C	T	T	T	T	G	A	T	A	C	G	A	C	T	NA	A	G	G	G	G	C	G	C	C	A	A	NA	C	T	T	C	A	T	G	C	C	A	C	C	A	T	T	T	C	G	C	G	T	G	A	C	T	C	G	T	G	NA	C	C	T	G	G	T	G	T	G	G	G	A	A	A	C	G	A	C	T	A	A	G	G	NA	G	C	C	C	A	G	NA	T	G	A	A	A	T	C	C	A	T	G	T	C	A	C	A	G	G	NA	T	A	NA	C	A	T	T	A	A	C
Cha-2_G03	A	A	A	CT	A	C	G	A	A	G	G	T	G	T	T	T	T	A	C	A	T	NA	C	A	C	T	A	G	C	A	A	G	C	T	T	T	T	G	A	A	A	C	A	A	TC	C	NA	A	G	G	AG	G	C	G	C	C	A	A	NA	C	TC	T	T	G	T	G	NA	C	T	C	C	GA	T	T	GT	T	G	C	G	A	G	A	C	T	C	G	T	G	NA	C	C	T	G	G	T	G	NA	G	G	G	A	A	A	G	G	A	C	NA	A	A	G	GT	NA	GA	A	C	NA	A	G	NA	T	G	A	G	A	T	C	C	A	C	C	NA	C	A	C	A	A	G	NA	T	A	NA	C	AG	T	CT	NA	A	C
Col-0_D12	G	G	G	C	A	C	A	A	G	A	G	T	A	C	C	T	T	C	C	A	C	NA	C	G	T	C	C	G	A	G	A	G	C	T	T	T	C	A	C	T	A	T	G	T	C	C	NA	A	A	T	A	G	A	A	C	T	A	A	A	C	C	T	T	A	T	A	T	C	T	T	G	A	T	T	G	T	A	T	G	A	T	A	T	A	C	G	C	T	NA	G	C	T	G	G	G	G	G	G	G	G	A	NA	A	C	A	A	A	C	A	A	A	G	NA	G	C	C	T	A	A	NA	C	G	A	A	A	C	T	T	A	T	C	A	C	A	C	G	G	G	NA	T	A	NA	T	A	G	T	G	G	C
Col-0_E11	G	G	G	C	A	C	A	A	G	A	G	T	A	C	C	T	T	C	C	A	C	NA	C	G	T	C	C	G	NA	G	A	G	C	T	T	T	C	A	C	T	A	T	G	T	C	C	NA	A	A	T	A	NA	A	A	C	T	A	A	A	C	C	T	T	A	NA	A	T	C	T	T	G	A	T	NA	G	T	A	T	NA	A	T	NA	T	A	C	G	C	T	NA	G	C	T	G	G	G	G	G	G	G	G	A	NA	A	C	A	A	NA	C	A	A	A	G	NA	G	C	NA	T	NA	A	NA	C	G	NA	A	A	C	T	T	A	T	C	A	NA	A	C	G	G	G	NA	T	A	NA	T	A	NA	T	G	G	C
Col-0_H06	NA	NA	NA	NA	NA	NA	NA	NA	NA	NA	NA	NA	NA	NA	NA	NA	NA	NA	NA	NA	NA	NA	NA	NA	NA	NA	NA	NA	NA	NA	NA	NA	NA	NA	NA	NA	NA	NA	NA	NA	NA	NA	NA	NA	NA	NA	NA	NA	NA	NA	NA	NA	C	NA	NA	NA	NA	NA	NA	NA	NA	NA	NA	NA	NA	NA	NA	NA	NA	NA	NA	NA	NA	NA	NA	NA	NA	NA	NA	NA	NA	NA	NA	NA	NA	NA	NA	NA	NA	NA	NA	NA	NA	NA	NA	NA	NA	NA	NA	NA	NA	NA	NA	NA	NA	NA	NA	NA	NA	NA	NA	NA	NA	NA	NA	NA	NA	NA	NA	NA	NA	NA	NA	NA	NA	NA	NA	NA	NA	NA	NA	NA	NA	NA	NA	NA	NA	NA	NA	NA	NA	NA	NA	NA	NA	NA	NA	NA	C
Cvi-0_E09	G	G	G	T	G	C	G	G	A	A	G	G	G	T	C	T	T	A	C	A	T	NA	C	A	T	C	A	T	C	G	G	A	C	T	T	A	C	A	C	A	G	C	G	A	T	T	NA	A	A	T	A	A	C	G	C	C	G	A	C	C	C	T	C	A	NA	G	C	T	T	C	C	A	T	C	T	T	G	T	G	A	G	C	T	A	C	A	C	G	NA	G	C	C	G	G	G	G	T	G	A	A	A	A	G	C	G	A	C	C	G	G	G	G	NA	G	A	G	C	A	G	NA	C	G	A	G	A	C	T	T	G	T	C	A	C	G	C	A	A	G	NA	C	A	T	T	G	T	T	A	G	C
Dra-1_D10	G	A	A	T	G	T	G	G	G	G	A	G	G	T	C	T	T	C	T	A	T	NA	T	G	T	T	C	G	C	G	G	G	C	T	T	A	C	A	C	T	A	T	G	T	C	T	NA	G	G	T	G	G	A	A	C	T	A	A	C	C	T	G	C	G	G	A	T	C	T	T	G	G	A	T	T	C	A	C	C	A	G	C	T	T	C	A	T	G	NA	G	C	C	G	G	T	A	G	T	G	A	A	NA	G	G	A	A	C	C	A	G	A	G	NA	A	C	C	C	G	A	NA	C	A	T	A	C	C	C	T	A	T	C	A	NA	A	A	A	G	G	NA	T	A	NA	C	G	T	T	A	A	C
EC48_24_H09	G	G	G	C	A	C	A	G	G	A	G	T	A	T	T	T	T	C	T	A	C	NA	C	G	T	T	C	G	A	A	A	G	C	T	T	T	C	G	C	T	A	C	G	A	C	C	NA	A	G	T	G	A	A	A	C	C	G	A	A	C	C	T	T	A	T	A	T	T	T	T	G	A	T	C	T	T	A	T	G	A	T	A	T	A	C	G	C	T	NA	G	C	T	G	G	G	G	G	G	G	G	A	NA	A	C	A	A	A	C	A	A	A	G	NA	G	C	G	T	A	A	NA	T	G	A	A	A	C	T	T	A	T	C	A	C	A	C	A	G	T	NA	C	A	NA	C	G	G	T	G	A	C
EC48_26_H10	G	G	G	C	A	C	A	G	G	A	G	T	A	T	T	T	T	C	T	A	C	NA	C	G	T	T	C	G	A	A	A	G	C	T	T	T	C	G	C	T	A	C	G	A	C	C	NA	A	G	T	G	A	A	A	C	C	G	A	A	C	C	T	T	A	T	A	T	T	T	T	G	A	T	C	T	T	A	T	G	A	T	A	T	A	C	G	C	T	NA	G	C	T	G	G	G	G	G	G	G	G	A	NA	A	C	A	A	A	C	A	A	A	G	NA	G	C	G	T	A	A	NA	T	G	A	A	A	C	T	T	A	T	C	A	C	A	C	A	G	T	NA	C	A	NA	C	G	G	T	G	A	C
EC48_29_H11	G	G	G	C	A	C	A	G	G	A	G	T	A	T	T	T	T	C	T	A	C	NA	C	G	T	T	C	G	A	A	A	G	C	T	T	T	C	G	C	T	A	C	G	A	C	C	NA	A	G	T	G	A	A	A	C	C	G	A	A	C	C	T	T	A	NA	A	T	T	T	T	G	A	T	C	T	T	A	T	G	A	T	A	T	A	C	G	C	T	NA	G	C	T	G	G	G	G	G	G	G	G	A	NA	A	C	A	A	A	C	A	A	A	G	NA	G	C	G	T	A	A	NA	T	G	A	A	A	C	T	T	A	T	C	A	C	A	C	A	G	T	NA	C	A	NA	C	G	G	T	G	A	C
EC48_42_H12	G	G	G	C	A	C	A	G	G	A	G	T	A	T	T	T	T	C	T	A	C	NA	C	G	T	T	C	G	A	A	A	G	C	T	T	T	C	G	C	T	A	C	G	A	C	C	NA	A	G	T	G	A	A	A	C	C	G	A	A	C	C	T	T	A	NA	A	T	T	T	T	G	A	T	NA	T	T	A	T	G	A	T	A	T	A	C	G	C	T	NA	G	C	T	G	G	G	G	G	G	G	G	A	NA	A	C	A	A	A	C	A	A	A	G	NA	G	C	G	T	A	A	NA	T	G	A	A	A	C	T	T	NA	T	C	A	C	A	C	A	G	T	NA	C	A	NA	C	G	NA	T	G	A	C
Ei-6_D11	G	A	NA	C	A	T	G	NA	G	A	NA	NA	A	T	T	T	T	NA	NA	C	T	NA	T	A	C	T	C	T	A	A	A	NA	C	A	T	NA	NA	A	NA	T	NA	NA	A	NA	T	T	NA	G	G	T	A	A	C	A	C	NA	A	A	A	C	NA	NA	T	A	NA	G	NA	C	T	NA	G	A	T	C	G	T	NA	T	C	A	NA	A	T	NA	C	G	C	T	NA	G	NA	NA	G	G	T	G	NA	G	G	A	NA	NA	NA	NA	A	A	C	C	G	NA	A	NA	NA	G	C	NA	T	A	NA	NA	C	A	A	G	C	C	NA	C	NA	C	C	A	C	A	A	A	G	NA	NA	NA	G	NA	C	G	T	C	G	G	C
En-1_E04	G	A	G	T	G	C	G	A	A	A	G	G	G	T	T	T	A	A	C	A	C	NA	C	A	C	T	C	G	C	A	A	A	G	T	T	A	C	G	C	T	A	C	G	A	C	C	NA	A	G	T	G	G	C	A	C	C	A	G	C	C	T	G	T	G	NA	G	T	C	A	T	C	G	T	C	G	C	G	T	C	A	T	A	T	A	C	A	C	G	NA	C	C	T	G	G	T	G	T	G	G	A	G	A	NA	G	G	A	C	C	G	A	A	G	NA	A	A	C	T	A	G	NA	C	A	T	A	A	C	C	T	NA	C	C	A	C	G	C	A	G	G	NA	T	G	NA	T	G	T	C	A	A	G
Esc-0_H08	G	G	G	C	G	T	G	A	A	NA	G	G	G	T	C	C	T	A	T	C	T	NA	C	A	C	C	A	T	NA	G	G	A	G	T	A	T	C	A	A	A	A	C	G	A	C	T	NA	G	G	G	A	G	C	G	C	C	G	G	A	C	C	T	T	G	NA	G	C	T	T	C	C	G	A	NA	T	C	NA	C	G	A	G	A	T	T	C	A	C	NA	NA	G	C	T	G	G	G	G	G	T	G	G	G	A	NA	G	A	A	C	C	A	G	A	T	NA	G	A	G	C	G	G	NA	C	G	NA	G	A	C	T	C	G	T	G	A	NA	G	C	G	G	G	NA	T	A	NA	C	G	NA	T	A	G	C
Est-1_D03	A	G	G	C	G	T	A	G	G	G	G	T	G	T	C	CT	T	A	C	A	C	NA	C	G	T	C	A	G	A	A	A	G	G	T	T	T	C	G	C	T	A	C	G	A	C	T	NA	G	G	T	G	A	A	A	C	C	G	G	A	A	T	T	T	A	NA	A	T	T	A	C	C	A	T	C	G	T	A	C	C	T	T	C	T	T	C	A	C	G	NA	G	C	T	G	G	T	G	G	G	G	A	A	A	G	C	A	A	C	C	A	A	A	G	NA	A	C	G	T	G	A	NA	T	A	T	G	A	T	T	C	A	T	C	T	T	A	A	A	G	T	NA	C	A	NA	C	G	T	T	G	A	C
Est-1_H05	A	G	G	C	G	T	A	G	G	G	G	T	G	T	C	CT	T	A	C	A	C	NA	C	G	T	C	A	G	A	A	A	G	G	T	T	T	C	G	C	T	A	C	G	A	C	T	NA	G	G	T	G	A	A	A	C	C	G	G	A	A	T	T	T	A	T	A	T	T	A	C	C	A	T	C	G	T	A	C	C	T	T	C	T	T	C	A	C	G	NA	G	C	T	G	G	T	G	G	G	G	A	A	A	G	C	A	A	C	C	A	A	A	G	NA	A	C	G	T	G	A	NA	T	A	T	G	A	T	T	C	A	T	C	T	T	A	A	A	G	T	NA	C	A	NA	C	G	T	T	G	A	C
Fe-1_C02	A	G	A	T	A	C	G	G	A	A	G	G	G	T	T	T	T	A	C	A	C	NA	C	A	C	C	C	G	A	A	A	G	C	T	T	A	C	A	A	A	A	C	A	T	C	C	NA	G	G	G	G	G	C	G	T	C	G	G	A	A	T	T	T	G	T	G	T	C	T	T	G	G	T	T	G	C	A	C	C	A	T	C	C	A	C	A	C	G	NA	G	C	C	G	A	T	G	T	G	G	A	G	NA	G	G	G	A	C	C	A	G	A	T	NA	A	C	G	T	A	A	NA	C	A	A	G	C	T	T	C	A	T	C	A	C	A	A	G	A	G	NA	T	A	T	C	G	G	C	A	G	G
Fei-0_C11	A	G	A	C	A	T	A	A	G	G	A	G	A	T	T	NA	A	A	C	C	C	NA	C	A	C	T	C	G	C	G	G	G	C	A	T	A	T	G	A	A	A	T	G	T	T	C	NA	G	G	G	G	A	A	G	C	C	G	A	A	A	T	T	T	A	T	G	T	T	A	T	C	A	T	C	T	C	A	T	C	A	G	A	C	A	C	A	T	T	NA	C	T	C	A	A	T	G	G	G	A	A	A	NA	G	G	A	A	C	C	G	A	G	G	NA	A	C	C	C	A	A	NA	C	A	A	A	A	C	T	T	G	T	C	A	C	G	C	G	A	T	NA	T	A	T	C	G	T	C	G	G	C
Go-2_E02	G	G	A	C	A	C	G	A	A	A	G	G	G	T	C	T	T	C	T	A	T	NA	T	G	T	C	A	G	A	A	G	A	C	T	T	T	C	A	A	T	G	T	A	A	C	T	NA	A	G	T	G	A	A	G	T	C	G	A	C	C	T	G	T	A	NA	A	T	T	T	T	G	G	A	T	G	T	A	C	C	T	G	C	C	T	C	A	C	T	NA	C	C	T	G	G	T	A	G	G	A	A	A	NA	G	C	A	A	C	C	A	A	A	G	NA	A	C	C	T	A	G	NA	C	A	A	G	A	T	C	C	A	T	C	T	T	A	A	A	A	G	NA	C	A	NA	C	G	T	C	A	A	G
GOT-7_C09	G	G	G	T	G	T	A	A	A	A	A	T	G	T	T	C	A	A	T	C	C	NA	C	G	T	C	C	G	A	A	A	G	C	A	A	A	T	A	C	A	G	T	A	A	T	C	NA	G	G	T	A	G	A	A	C	C	G	A	C	A	T	T	CT	A	NA	G	T	T	T	C	G	G	A	NA	G	T	A	T	G	T	G	C	T	A	A	A	T	T	NA	C	T	C	G	G	T	G	G	T	A	G	A	A	A	G	G	A	C	T	G	A	A	G	NA	A	C	G	T	A	A	NA	T	A	A	G	C	C	T	C	G	T	C	A	T	A	A	G	G	G	NA	T	A	T	C	G	NA	T	G	G	C
Hau-0_G12	A	G	A	T	A	T	A	G	A	A	G	G	G	T	C	T	A	A	C	A	C	NA	T	A	C	T	C	G	A	A	A	G	C	T	T	A	C	G	A	A	A	T	A	A	C	T	NA	G	G	T	G	G	A	G	C	T	G	A	C	C	T	G	CT	A	G	G	C	T	T	T	G	G	A	T	T	C	A	T	C	A	T	C	T	T	C	G	C	T	NA	G	C	C	A	G	T	G	T	T	A	G	G	NA	A	NA	G	A	C	C	A	A	G	G	NA	A	C	C	C	A	A	NA	C	A	A	G	C	C	C	C	G	C	G	A	C	A	A	A	G	G	NA	C	A	T	C	G	T	C	G	G	C
Hh-0_B08	A	G	G	C	A	T	A	A	G	G	G	G	G	T	C	T	T	C	C	C	T	NA	C	G	T	C	C	G	C	A	A	G	G	T	T	T	C	G	A	A	A	T	A	A	C	TC	NA	G	A	T	A	A	A	G	C	C	G	A	C	C	T	G	CT	A	NA	G	C	T	A	T	C	A	T	C	G	C	A	T	G	T	T	A	T	T	C	A	C	T	NA	C	C	C	A	G	T	A	T	G	A	G	G	A	G	C	G	A	C	T	G	G	G	G	NA	A	C	C	C	A	A	NA	T	A	T	G	C	C	C	T	A	T	C	T	T	A	A	A	A	G	NA	T	G	NA	C	G	T	C	A	A	G
Jet-0_H01	A	G	A	C	G	T	G	G	A	A	A	G	G	T	T	T	T	A	T	C	C	NA	C	A	C	C	C	T	A	G	G	A	G	A	A	A	C	A	A	T	G	C	A	A	T	T	NA	G	A	G	A	G	C	A	T	C	A	G	C	C	T	T	CT	A	G	G	T	T	A	T	C	G	T	T	G	C	A	T	G	T	G	A	T	A	A	A	C	G	NA	G	T	C	A	G	T	G	T	T	A	A	G	NA	A	G	G	C	A	C	G	G	G	G	NA	A	A	G	C	A	A	NA	T	A	A	G	A	C	T	C	A	T	G	A	C	A	C	G	A	G	T	C	A	NA	T	A	G	T	G	G	C
Kend-L_H07	A	G	NA	T	A	C	NA	G	NA	A	NA	G	G	C	T	T	A	NA	NA	NA	C	NA	NA	NA	NA	C	A	G	NA	NA	G	A	C	T	NA	T	C	NA	A	T	A	T	G	T	NA	T	NA	A	A	T	G	NA	A	A	C	NA	A	G	NA	CA	TC	GT	CT	GA	NA	AG	T	CT	AT	TC	NA	GA	NA	NA	GT	NA	A	C	NA	T	G	NA	C	A	A	G	T	NA	NA	G	T	T	A	G	G	A	G	G	A	A	NA	NA	G	NA	A	A	NA	NA	G	G	G	G	NA	G	C	NA	T	NA	G	NA	T	A	NA	A	C	C	NA	T	A	T	G	NA	NA	NA	C	A	G	T	C	NA	A	NA	T	G	NA	T	A	G	C
Kly-1_E07	A	A	A	C	A	T	G	A	A	G	A	G	A	T	T	T	T	A	C	A	T	NA	C	G	T	T	A	G	C	A	A	G	C	T	T	T	T	A	C	T	A	C	G	A	T	C	NA	A	G	G	G	G	C	G	C	C	A	A	C	C	C	T	C	G	T	G	C	C	T	C	C	G	T	T	T	T	G	C	G	T	G	A	C	T	A	G	C	G	NA	C	C	T	G	G	T	G	G	G	A	G	G	A	G	C	G	A	C	T	A	A	G	T	NA	A	C	C	C	A	G	NA	T	A	A	A	A	C	C	C	A	C	C	A	NA	A	C	A	G	G	NA	T	A	NA	T	A	T	T	G	A	C
Kly-3_E08	A	A	G	T	A	T	G	A	A	G	A	G	A	T	T	T	T	A	C	A	T	NA	C	A	C	T	A	G	NA	A	A	G	C	T	T	T	T	G	A	T	A	C	G	A	T	C	NA	A	G	G	A	G	C	G	C	C	A	G	C	C	C	T	C	G	NA	G	C	C	A	C	C	G	T	T	T	T	G	C	G	T	G	A	C	T	A	G	T	NA	NA	C	C	T	G	G	T	G	G	T	A	G	G	A	G	G	G	A	C	C	A	A	G	T	NA	A	C	C	C	A	G	NA	T	A	A	G	A	C	C	C	A	T	G	A	C	A	CA	A	A	G	NA	T	A	NA	T	A	T	T	G	A	C
Koz-1_F02	NA	NA	NA	NA	NA	NA	NA	NA	NA	NA	NA	NA	NA	NA	NA	NA	NA	NA	NA	NA	NA	NA	NA	NA	NA	NA	NA	NA	NA	NA	NA	NA	NA	NA	NA	NA	NA	NA	NA	NA	NA	NA	NA	NA	NA	NA	NA	NA	NA	NA	NA	NA	C	NA	NA	NA	NA	NA	NA	NA	NA	NA	NA	NA	NA	NA	NA	NA	NA	NA	NA	NA	NA	NA	NA	NA	NA	NA	NA	NA	NA	NA	NA	NA	NA	NA	NA	NA	NA	NA	NA	NA	NA	NA	NA	NA	NA	NA	NA	NA	NA	NA	NA	NA	NA	NA	NA	NA	NA	NA	NA	NA	NA	NA	NA	NA	NA	NA	NA	NA	NA	NA	NA	NA	NA	NA	NA	NA	NA	NA	NA	NA	NA	NA	NA	NA	NA	NA	NA	NA	NA	NA	NA	NA	NA	NA	NA	NA	C
Koz-3_F03	A	A	G	C	A	T	G	A	A	G	A	G	A	T	T	T	T	A	C	A	T	NA	C	A	C	T	A	G	C	A	A	G	C	T	T	T	T	A	C	T	A	C	G	A	T	C	NA	A	G	T	A	G	C	A	C	C	A	A	NA	C	T	T	T	G	G	A	C	C	T	C	C	G	T	T	T	T	G	C	G	T	G	A	C	T	A	G	T	G	NA	C	C	T	G	G	T	G	G	G	A	G	G	A	G	C	A	A	C	C	A	A	G	T	NA	A	C	C	T	A	G	NA	T	A	A	G	A	C	C	C	A	C	G	A	T	G	C	A	A	G	NA	T	A	T	T	A	T	T	G	A	C
KZ10_B09	G	A	A	C	G	T	G	A	G	G	A	G	A	T	C	T	T	A	T	A	C	NA	C	A	C	T	C	G	C	A	A	G	C	T	T	T	T	G	A	T	A	C	A	T	C	C	NA	A	G	G	A	G	C	G	C	C	A	G	NA	C	C	T	CT	G	T	G	C	C	T	C	C	G	T	T	G	T	G	C	C	T	G	A	C	T	A	G	T	G	NA	C	C	T	G	G	T	G	G	NA	A	G	G	A	A	G	G	A	C	T	A	A	G	T	NA	G	C	C	C	G	G	NA	T	A	A	G	A	C	C	C	A	T	C	T	C	A	C	A	A	G	NA	T	A	NA	T	A	T	T	A	A	C
Leb-1_F04	A	A	G	T	A	C	G	A	A	G	A	G	A	T	C	T	T	A	C	A	T	NA	C	A	C	T	A	G	C	A	A	G	C	T	T	T	T	A	C	T	A	C	A	A	T	C	NA	A	G	G	A	G	C	G	C	C	A	A	NA	C	C	T	C	G	NA	G	T	C	T	C	C	A	T	T	G	T	G	C	G	A	GT	A	C	T	C	G	T	G	NA	C	C	T	G	G	T	G	T	G	G	G	G	A	G	G	G	A	C	T	A	A	G	G	NA	A	A	C	C	A	G	NA	T	G	A	G	A	T	C	C	A	C	C	A	C	A	C	A	A	G	NA	T	A	NA	C	G	T	T	G	A	C
Leb-3_F05	A	A	G	C	A	C	G	A	A	G	A	T	G	T	T	T	T	A	C	A	T	NA	C	A	C	T	A	G	C	A	A	G	C	T	T	T	T	G	A	T	A	C	G	A	C	T	NA	A	A	G	A	G	C	G	C	C	A	A	NA	C	C	T	C	G	G	G	T	C	T	C	C	A	T	T	T	T	G	C	G	A	G	A	C	T	C	G	T	G	NA	C	C	T	G	G	T	G	G	G	G	G	G	A	G	G	A	A	C	T	A	A	G	G	NA	G	A	C	C	A	G	NA	T	G	A	G	A	T	C	C	A	C	G	A	C	A	C	A	A	G	NA	C	A	NA	C	G	T	C	A	A	C
Ler_D09	G	G	G	T	G	T	A	A	A	A	A	T	G	T	T	CT	A	A	T	C	C	NA	C	G	T	C	C	G	A	A	A	G	C	A	A	A	T	A	C	A	G	T	A	A	T	C	NA	G	G	T	A	G	A	A	C	C	G	A	C	A	T	T	CT	A	NA	G	T	T	T	C	G	G	A	C	G	T	A	T	G	T	G	C	T	A	A	A	T	T	NA	C	T	C	G	G	T	G	G	T	A	G	A	A	A	G	G	A	C	T	G	A	A	G	NA	A	C	G	T	A	A	NA	T	A	A	G	C	C	T	C	G	T	C	A	T	A	A	G	G	G	NA	T	A	T	C	G	T	T	G	G	C
Ler-1_C10	G	G	G	C	A	T	G	G	G	G	A	G	G	T	T	T	T	A	C	A	T	NA	T	A	C	C	A	G	A	A	A	G	C	A	T	A	C	A	C	A	A	T	A	A	C	T	NA	G	G	T	A	G	C	A	C	T	A	G	C	A	T	G	C	G	NA	G	T	T	A	T	C	A	T	C	G	T	G	T	G	T	T	A	T	T	A	G	C	T	NA	G	C	T	A	G	T	A	T	T	G	G	G	A	G	G	A	A	C	C	G	A	A	G	NA	A	C	C	T	G	G	NA	C	G	A	G	C	C	C	C	A	T	G	A	C	A	A	A	G	G	NA	C	A	NA	T	G	G	T	A	A	C
Ll-2_E05	A	G	G	T	G	T	A	G	G	A	G	G	G	C	T	T	A	A	T	C	T	NA	T	G	T	C	C	T	A	A	G	G	C	T	A	T	T	G	C	A	A	T	A	A	T	C	NA	G	G	T	A	A	A	A	T	C	A	A	C	A	T	T	T	G	NA	G	C	T	T	T	G	A	A	T	G	C	A	T	C	T	T	A	C	T	C	A	C	T	NA	C	C	C	A	G	T	G	T	G	G	G	G	NA	G	C	A	A	A	C	A	G	G	T	NA	A	A	G	C	A	A	NA	C	G	A	A	A	C	T	C	G	T	G	A	T	A	C	A	A	T	NA	T	G	T	T	G	G	T	G	A	C
Lov-5_F01	A	G	A	T	G	T	G	G	A	A	G	T	A	T	C	NA	T	A	T	A	T	NA	C	A	C	C	C	G	A	G	G	G	G	T	A	A	C	A	C	A	G	T	A	T	C	T	NA	G	A	T	A	A	A	A	C	T	A	G	A	A	C	T	T	A	NA	G	T	T	T	T	C	G	A	T	G	C	G	T	G	T	T	A	T	T	C	A	C	G	NA	G	T	C	G	G	T	G	T	G	G	G	G	A	G	G	A	C	C	C	G	G	G	G	NA	A	A	G	C	G	A	NA	C	A	T	G	A	C	T	T	G	C	C	T	T	G	A	A	A	G	NA	T	A	T	C	G	G	T	G	G	G
Mas_G05	NA	NA	NA	NA	NA	NA	NA	NA	NA	NA	NA	NA	NA	NA	NA	NA	NA	NA	NA	NA	NA	NA	NA	NA	NA	NA	NA	NA	NA	NA	NA	NA	NA	NA	NA	NA	NA	NA	NA	NA	NA	NA	NA	NA	NA	NA	NA	NA	NA	NA	NA	NA	NA	NA	NA	NA	NA	NA	NA	NA	NA	NA	NA	NA	NA	NA	NA	NA	NA	NA	NA	NA	NA	NA	NA	NA	NA	NA	NA	NA	NA	NA	NA	NA	NA	NA	NA	NA	NA	NA	NA	NA	NA	NA	NA	NA	NA	NA	NA	NA	NA	NA	NA	NA	NA	NA	NA	NA	NA	NA	NA	NA	NA	NA	NA	NA	NA	NA	NA	NA	NA	NA	NA	NA	NA	NA	NA	NA	NA	NA	NA	NA	NA	NA	NA	NA	NA	NA	NA	NA	NA	NA	NA	NA	NA	NA	NA	NA	C
Mir-0_B12	A	G	G	C	A	T	A	A	A	G	G	G	G	T	T	T	A	C	C	A	T	NA	T	A	C	C	C	G	C	G	G	G	C	T	T	A	C	A	C	T	A	T	G	T	C	C	NA	G	G	T	G	A	A	G	C	C	G	A	C	C	T	T	C	G	G	A	T	C	T	C	G	A	T	T	G	C	G	C	C	T	G	A	T	T	A	G	T	T	NA	C	C	T	G	G	T	A	T	G	A	A	G	A	G	C	G	A	C	C	G	G	G	G	NA	A	A	C	C	G	A	NA	T	A	A	A	C	T	C	T	A	T	C	T	C	A	C	A	G	T	NA	T	G	NA	T	G	T	T	A	A	G
Mrk-0_B10	G	G	G	T	A	T	G	G	A	A	A	G	G	T	T	NA	A	A	T	A	C	NA	T	A	C	T	C	G	A	A	A	A	C	A	T	A	C	A	A	T	A	T	G	T	T	C	NA	A	G	T	A	G	C	A	C	T	A	A	A	A	C	T	T	A	T	G	C	C	T	T	G	A	A	T	G	T	A	C	C	A	T	C	C	T	C	A	T	G	NA	C	C	C	G	G	T	G	T	G	A	A	G	NA	G	G	G	A	A	C	A	G	G	T	NA	G	C	G	T	A	G	NA	C	G	A	G	A	C	T	T	G	C	C	T	C	A	A	G	G	G	NA	T	G	T	T	G	T	T	A	G	G
Nc-1_C01	A	G	G	C	A	T	G	G	G	G	G	G	G	T	T	T	A	C	C	C	T	NA	C	G	T	T	C	G	A	A	G	G	C	A	T	A	C	G	A	T	A	C	A	A	C	C	NA	G	A	G	G	G	A	G	C	C	G	G	C	C	T	T	C	A	T	G	T	C	T	T	C	G	T	T	G	C	A	T	G	A	G	A	C	T	A	A	C	T	NA	C	C	C	G	G	G	G	T	G	A	A	A	A	G	G	A	A	C	C	G	G	A	G	NA	A	C	C	T	A	G	NA	T	A	A	G	C	C	T	T	G	T	C	A	C	A	A	A	G	T	NA	T	G	T	C	G	T	C	G	G	C
Nfa-8_D02	A	G	G	T	A	C	A	A	G	G	G	G	G	T	T	C	T	A	C	C	C	NA	T	G	T	C	A	T	C	A	G	G	C	T	T	A	C	G	A	T	A	T	G	T	T	C	NA	G	A	G	G	A	C	G	C	C	G	A	A	C	T	G	T	A	NA	G	C	T	A	T	C	A	T	C	G	C	G	T	C	T	G	C	T	T	C	G	C	T	NA	G	T	C	A	A	G	A	T	T	A	A	A	A	A	C	G	A	C	T	G	G	A	T	NA	A	C	C	T	A	A	NA	C	G	A	A	A	C	T	T	G	T	C	A	C	G	C	G	A	T	NA	C	G	T	C	G	G	T	A	A	C
NIL_H04	G	G	G	C	A	C	A	A	G	A	G	T	A	C	C	T	T	C	C	A	C	NA	C	G	T	C	C	G	A	G	A	G	C	T	T	T	C	A	C	T	A	T	G	T	C	C	NA	A	A	T	A	G	A	A	C	T	A	A	A	C	T	T	T	A	T	A	T	C	T	T	G	A	T	T	G	T	A	T	G	A	T	A	T	A	C	G	C	T	NA	G	C	T	G	G	G	G	G	G	G	G	A	NA	A	C	A	A	A	C	A	A	A	G	NA	G	C	C	T	A	A	NA	C	A	T	G	A	C	T	T	NA	T	C	A	C	A	C	A	G	T	NA	C	A	NA	C	G	G	T	G	A	C
Nov_1_F06	A	A	NA	C	A	C	G	NA	A	G	NA	NA	G	T	C	T	T	NA	NA	A	T	NA	C	A	C	T	A	G	NA	A	A	G	C	T	T	T	T	A	C	T	A	C	G	NA	T	C	NA	A	G	T	G	G	C	A	C	NA	A	A	NA	C	T	T	C	G	NA	A	NA	C	A	C	C	A	T	NA	T	NA	G	C	G	A	G	A	C	NA	C	G	T	G	NA	C	C	T	G	G	T	G	T	G	G	G	NA	NA	G	NA	G	A	C	T	A	A	G	G	NA	G	A	NA	C	A	G	NA	T	G	NA	G	A	T	NA	C	A	C	C	A	NA	A	C	A	A	G	NA	NA	A	NA	C	G	NA	T	G	A	C
Nov_3_F07	A	A	A	T	A	C	G	A	A	G	G	G	A	T	C	T	T	A	C	A	T	NA	C	A	C	T	A	G	C	A	A	G	C	T	T	T	T	G	A	T	A	C	A	A	T	C	NA	A	G	G	G	G	C	G	C	C	A	A	NA	C	T	T	T	G	G	G	T	C	T	C	C	A	T	T	NA	T	G	C	G	NA	NA	A	C	T	C	G	T	G	NA	C	C	T	G	G	T	G	G	G	G	G	G	A	G	C	G	A	C	T	A	A	G	G	NA	G	A	C	C	A	G	NA	T	G	A	G	A	T	C	C	A	C	C	T	C	A	C	A	A	G	NA	T	A	NA	C	G	T	T	G	A	C
Noz_F08	A	A	A	T	A	C	G	A	A	G	A	G	G	T	C	T	T	A	C	A	T	NA	C	A	C	T	A	G	C	A	A	G	C	T	T	T	T	A	C	A	A	C	A	A	T	C	NA	A	G	G	A	G	C	A	C	C	A	A	C	C	C	T	T	G	G	G	C	C	T	C	C	A	T	T	T	T	G	C	G	A	GT	A	C	T	A	G	T	G	NA	C	C	T	G	G	T	G	G	G	A	G	G	NA	G	G	G	A	C	T	A	A	G	T	NA	A	A	C	C	A	G	NA	T	G	A	G	A	T	C	C	A	C	C	T	C	A	C	A	A	G	NA	C	A	NA	C	G	T	T	G	A	C
Pan_G04	A	A	G	C	A	T	G	A	G	G	G	T	A	T	T	T	T	A	C	A	T	NA	C	A	C	T	A	G	C	A	A	G	C	T	T	T	T	G	A	T	A	C	G	A	C	C	NA	A	A	T	G	G	C	G	C	C	A	A	NA	C	T	T	T	G	T	G	C	C	T	C	C	A	T	T	G	T	G	C	G	A	G	A	C	T	C	G	C	G	NA	C	C	T	G	G	T	G	G	G	G	G	NA	A	G	G	G	A	C	T	A	A	G	G	NA	G	C	C	C	A	G	NA	T	G	A	G	A	T	C	C	A	T	C	T	C	A	C	A	A	G	NA	T	A	NA	C	A	T	T	G	A	C
Pf-0_E06	G	G	A	C	A	C	G	A	G	G	G	G	G	T	C	C	T	A	C	C	C	NA	T	A	C	T	A	G	A	G	G	G	C	A	T	A	C	A	C	A	A	T	G	A	C	C	NA	G	A	G	A	G	A	A	C	T	A	A	A	A	T	G	T	A	NA	G	T	C	T	T	G	A	A	T	T	T	A	T	C	T	T	A	T	A	C	A	C	T	NA	C	C	T	G	G	T	G	T	T	A	G	G	NA	A	G	G	A	C	C	G	A	A	G	NA	A	C	C	T	A	A	NA	T	A	A	A	C	T	C	C	NA	C	G	A	C	G	C	A	A	T	NA	T	G	NA	T	A	T	C	G	G	C
Rak-1_F09	A	A	A	T	A	C	G	A	A	G	A	G	A	T	C	T	T	A	C	A	T	NA	C	A	C	T	A	G	C	G	A	G	C	T	T	T	T	G	A	T	A	C	A	T	C	C	NA	A	G	G	A	G	C	G	C	C	A	A	NA	C	T	T	C	G	G	G	T	C	T	C	C	A	T	T	T	T	G	C	G	A	NA	A	C	T	C	G	T	G	NA	C	C	T	G	G	T	G	T	G	G	G	G	NA	A	G	G	A	C	T	A	A	G	T	NA	A	A	C	C	A	G	NA	T	G	A	G	A	T	C	C	A	C	C	T	C	A	C	A	A	G	NA	T	A	NA	C	G	T	T	G	A	C
Rak-3_F10	A	A	A	C	A	C	G	AG	A	G	NA	GT	G	T	NA	T	T	A	C	A	T	NA	C	A	C	T	A	G	C	A	A	G	C	T	T	T	T	GA	NA	AT	A	C	A	NA	TC	C	NA	A	G	G	A	G	C	GA	C	C	A	A	C	C	C	T	T	G	NA	A	CT	C	NA	C	C	G	T	T	T	T	G	C	G	TA	G	A	C	T	C	G	T	G	NA	C	C	T	G	G	T	G	G	G	G	G	NA	A	GA	G	G	A	C	TC	NA	A	G	G	NA	G	A	C	TC	A	G	NA	T	G	A	G	A	T	C	C	A	C	C	T	C	A	C	A	A	G	NA	T	A	NA	C	G	T	T	G	A	C
RRS-10_E12	A	G	A	T	A	C	A	G	A	A	A	G	G	C	T	CT	A	A	T	A	T	NA	C	G	T	C	A	G	C	G	G	A	C	T	A	T	C	A	A	T	A	T	G	T	C	T	NA	A	A	T	G	G	A	A	T	C	G	A	A	A	T	G	CT	A	G	A	T	T	T	C	G	A	T	C	T	C	G	T	C	A	G	C	T	T	A	G	T	T	NA	G	T	T	A	G	G	G	T	T	G	A	G	A	G	C	A	A	A	C	G	G	G	G	NA	G	C	C	T	A	A	NA	T	G	A	A	C	C	T	T	A	T	G	A	C	G	C	A	G	T	NA	T	A	NA	T	G	G	T	A	G	C
RRS-7_E10	G	G	G	C	G	T	G	A	G	G	G	G	G	T	C	T	A	C	T	A	T	NA	T	G	T	C	A	T	C	G	A	G	C	A	A	A	C	A	C	T	A	T	A	T	C	T	NA	G	G	T	A	A	A	G	C	T	A	A	C	A	T	T	CT	G	NA	A	T	T	T	T	C	G	T	T	G	T	A	C	G	T	G	A	C	A	A	A	C	T	NA	C	T	C	A	A	G	A	T	G	A	A	G	NA	NA	G	G	A	C	T	G	A	A	G	NA	A	C	G	T	A	A	NA	T	G	A	G	A	C	T	T	A	T	G	A	C	A	A	A	G	G	NA	T	G	T	C	G	T	T	A	A	C
Sae-0_G11	G	G	A	T	A	T	G	G	A	G	G	G	G	T	C	CT	T	A	T	C	T	NA	C	A	C	C	A	G	C	G	G	G	C	T	A	T	C	G	A	A	A	C	G	A	C	T	NA	G	A	T	A	G	C	G	C	C	G	G	A	C	C	T	T	G	NA	A	C	T	T	C	G	G	A	T	G	C	G	C	G	A	G	A	T	T	C	A	C	G	NA	G	C	T	A	G	G	G	T	G	A	G	G	A	G	G	G	A	A	NA	G	G	G	G	NA	G	A	G	C	G	G	NA	T	G	A	A	A	T	T	C	G	C	G	A	C	G	C	G	G	G	NA	C	A	NA	C	G	T	T	A	G	C
Se-0_B11	G	G	G	T	A	T	A	A	A	G	G	G	A	C	C	T	T	A	T	A	C	NA	T	G	T	T	C	T	A	A	G	G	C	T	A	A	T	G	A	T	A	T	A	A	T	C	NA	G	G	T	G	A	A	G	T	C	A	A	C	A	T	T	CT	G	NA	G	C	T	T	T	G	G	T	T	G	C	A	T	C	T	T	C	C	T	C	A	C	T	NA	G	C	C	A	G	T	A	G	G	G	G	G	A	G	G	A	A	A	T	G	A	G	G	NA	G	A	G	C	A	A	NA	C	G	A	G	A	T	T	T	G	T	C	A	T	A	C	A	G	G	NA	T	A	NA	C	A	G	T	G	A	G
SER_G01	A	A	G	C	A	C	G	A	A	G	A	G	A	T	C	T	T	A	C	A	T	NA	C	A	C	T	A	G	C	A	A	G	C	T	T	T	T	G	A	A	A	C	A	T	C	C	NA	A	G	G	A	G	C	G	C	C	A	A	NA	C	C	T	T	G	G	A	C	C	T	C	C	G	T	T	T	T	G	C	G	A	GT	A	C	T	C	G	T	G	NA	C	C	T	G	G	T	G	G	G	G	G	NA	NA	A	G	G	A	C	C	G	A	G	G	NA	G	A	C	T	A	G	NA	T	G	A	G	A	T	C	C	A	C	C	T	C	A	C	A	A	G	NA	T	A	NA	C	G	T	T	G	A	C
SF1_G10	G	G	G	T	A	T	A	A	G	A	A	G	G	C	C	CT	T	A	T	A	T	NA	T	A	C	T	A	G	NA	A	A	A	C	T	A	A	C	G	A	T	A	T	A	A	C	C	NA	G	G	T	A	A	A	G	T	C	A	A	C	A	T	T	NA	G	NA	G	T	C	T	T	C	G	T	T	G	C	A	T	C	A	T	A	T	T	C	A	C	T	NA	C	C	C	A	G	T	A	G	G	A	G	G	A	G	G	G	A	C	T	G	G	A	G	NA	G	A	C	C	A	G	NA	T	G	A	A	A	C	T	C	G	NA	C	A	C	A	C	A	G	T	NA	C	A	NA	C	A	NA	T	G	A	C
Shakdara1_C03	A	A	G	C	A	T	G	A	G	G	A	G	A	T	T	T	T	A	C	A	T	NA	C	A	C	T	C	G	NA	G	A	G	C	T	T	T	T	G	A	T	A	C	G	A	C	C	NA	A	G	G	A	NA	C	G	C	C	A	A	NA	C	C	T	T	G	NA	A	C	C	T	C	C	G	T	NA	T	C	G	C	NA	T	G	NA	C	T	A	G	T	G	NA	C	C	T	G	G	T	G	T	T	A	G	A	A	A	C	G	A	NA	T	A	A	G	T	NA	A	C	NA	T	NA	G	NA	C	G	NA	A	A	T	C	C	NA	C	G	A	NA	A	C	A	A	G	C	C	A	NA	C	A	NA	T	G	A	C
Shakdara2_C05	A	A	G	C	A	T	G	A	G	G	A	G	A	T	T	T	T	A	C	A	T	NA	C	A	C	T	C	G	A	G	A	G	C	T	T	T	T	G	A	T	A	C	G	A	C	C	NA	A	G	G	A	G	C	G	C	C	A	A	NA	C	C	T	T	G	G	A	C	C	T	C	C	G	T	T	T	C	G	C	G	T	G	A	C	T	A	G	T	G	NA	C	C	T	G	G	T	G	T	T	A	G	A	A	A	C	G	A	C	T	A	A	G	T	NA	A	C	G	T	A	G	NA	C	G	A	A	A	T	C	C	NA	C	G	A	NA	A	C	A	A	G	NA	C	A	NA	C	A	T	T	G	A	C
Sij-1_G07	A	A	G	C	A	T	A	A	G	G	A	G	A	T	T	T	A	A	C	A	T	NA	T	A	C	T	A	G	C	G	A	G	C	T	T	T	T	A	C	T	A	C	G	A	C	T	NA	A	G	G	A	G	C	A	C	C	A	A	NA	C	C	T	T	G	T	A	C	C	T	C	C	G	T	C	G	T	G	C	G	A	G	C	C	T	A	G	T	G	NA	C	C	T	G	G	T	G	G	G	G	G	G	A	G	C	G	A	C	T	A	A	G	T	NA	A	C	G	T	G	G	NA	C	G	A	A	A	T	C	C	A	T	C	T	C	A	C	A	A	G	NA	T	A	NA	C	A	T	C	A	A	C
Sij-3_G08	A	A	G	C	A	T	A	A	G	G	A	G	A	T	T	T	A	A	C	A	T	NA	T	A	C	T	A	G	C	G	A	G	C	T	T	T	T	A	C	T	A	C	G	A	C	T	NA	A	G	G	A	G	C	A	C	C	A	A	NA	C	C	T	T	G	T	A	C	C	T	C	C	G	T	C	G	T	G	C	G	A	G	C	C	T	A	G	T	G	NA	C	C	T	G	G	T	G	G	G	G	G	G	A	G	C	G	A	C	T	A	A	G	T	NA	A	C	G	T	G	G	NA	C	G	A	A	A	T	C	C	A	T	C	T	C	A	C	A	A	G	NA	T	A	NA	C	A	T	C	A	A	C
Tamm-2_C08	AG	G	G	CT	A	T	G	A	NA	A	A	G	G	NA	NA	T	TA	NA	NA	A	TC	NA	C	A	C	T	C	G	NA	G	GA	NA	NA	T	TA	NA	T	A	C	NA	AG	TC	G	NA	TC	TC	NA	AG	G	GT	G	G	A	GA	TC	TC	A	NA	CA	CA	TC	T	NA	GA	NA	AG	T	CT	AT	T	NA	NA	TA	T	G	C	GA	TC	CG	T	G	CA	T	T	NA	AG	T	NA	NA	NA	TC	NA	G	GA	T	A	G	G	NA	G	G	A	G	C	A	C	C	C	G	A	NA	G	NA	A	CA	NA	C	GA	A	NA	C	A	NA	AG	A	CT	C	T	G	NA	NA	T	C	A	CA	GA	NA	G	NA	T	NA	NA	C	NA	T	C	AG	AG	C
Ts-1_D04	A	A	G	T	G	T	A	A	G	A	G	G	A	T	T	CT	A	A	T	C	T	NA	T	G	T	C	C	T	A	A	G	G	G	A	A	T	T	G	C	T	A	T	A	A	T	C	NA	A	G	T	G	A	A	G	C	C	A	A	C	C	T	T	C	G	T	A	T	T	T	T	C	G	T	T	G	T	G	T	C	T	G	A	T	T	C	A	C	T	NA	C	C	C	A	G	T	G	T	G	G	G	G	NA	GA	C	A	C	A	C	A	G	A	T	NA	G	A	G	C	A	A	NA	T	G	A	G	A	T	T	T	G	T	G	A	NA	G	C	G	G	T	NA	C	G	NA	C	A	G	T	G	A	C
Tsu-1_D05	G	G	A	C	A	T	G	G	A	A	G	G	G	C	C	C	T	A	C	A	T	NA	T	G	T	C	A	G	A	A	A	G	C	A	T	A	C	G	C	T	A	T	A	A	C	C	NA	G	G	G	G	A	A	G	T	C	A	G	C	C	T	T	C	A	G	G	C	T	T	T	G	A	T	T	T	C	A	C	G	T	G	C	T	T	C	A	C	T	NA	C	C	C	G	G	T	G	G	T	G	G	G	A	G	C	G	A	C	C	G	A	A	G	NA	G	C	C	T	A	A	NA	C	A	A	G	C	C	T	C	A	T	C	A	C	A	C	G	A	G	NA	T	G	NA	C	G	G	T	G	A	C
Uk-1_H02	A	G	A	T	A	C	A	G	A	G	G	G	G	C	T	T	A	A	C	C	C	NA	C	A	C	C	C	T	C	G	G	A	C	A	T	A	C	G	A	T	A	T	G	A	C	C	NA	A	G	G	G	G	A	G	T	T	G	G	C	A	T	T	T	G	NA	G	T	T	A	T	G	A	T	T	G	C	G	T	G	T	T	C	C	T	C	A	C	G	NA	C	C	C	A	G	T	G	G	G	G	A	G	A	G	C	G	C	C	T	A	G	A	G	NA	A	C	G	C	A	G	NA	C	G	A	G	A	T	C	C	A	T	C	A	C	A	A	G	A	T	NA	T	A	NA	C	G	G	T	A	G	C
Uk-3_H03	G	G	A	C	G	C	G	G	A	G	G	T	A	C	T	CT	T	C	T	C	C	NA	T	A	C	C	A	G	NA	A	A	A	G	T	T	A	C	A	A	T	A	T	G	A	T	C	NA	G	A	T	A	NA	A	A	C	T	G	G	A	A	T	G	NA	G	NA	G	T	T	A	T	G	A	T	NA	G	NA	A	T	NA	A	G	NA	C	T	A	A	C	T	NA	C	C	C	G	G	G	G	G	G	G	A	A	A	G	NA	G	A	C	NA	A	G	G	G	NA	A	A	NA	T	NA	G	NA	C	A	NA	G	C	C	C	C	G	T	C	A	NA	A	A	G	A	G	C	C	A	NA	T	G	NA	C	A	A	G
Van-0_D06	G	A	A	T	G	T	A	G	A	A	G	G	A	T	T	C	A	C	T	C	C	NA	C	G	T	C	C	T	A	A	A	G	C	A	T	A	C	G	A	T	A	T	G	A	C	T	NA	G	A	G	G	A	A	G	T	C	G	A	C	A	T	T	C	A	NA	G	T	T	T	T	C	G	A	T	G	C	A	T	C	A	G	A	T	T	A	A	T	G	NA	C	T	C	A	A	G	G	G	G	A	A	G	A	G	C	G	C	C	T	G	A	A	T	NA	G	A	C	C	G	A	NA	T	G	A	G	C	T	T	T	G	T	G	A	C	A	A	A	G	G	NA	T	G	NA	C	G	T	C	A	A	C
Wc-1_E01	G	G	G	T	G	C	G	A	A	G	G	T	G	T	T	T	A	C	C	A	T	NA	C	G	T	C	A	G	C	G	G	G	C	T	T	T	C	A	A	A	A	T	A	T	C	C	NA	G	G	G	A	A	C	A	T	T	A	A	C	C	T	G	C	A	G	G	C	C	T	T	C	G	T	T	T	C	G	T	G	T	T	C	C	A	C	G	T	G	NA	C	C	T	G	G	T	G	G	G	A	G	A	A	G	G	G	A	C	T	A	A	A	G	NA	A	A	C	C	A	G	NA	T	G	T	G	C	C	T	C	A	T	G	A	C	A	A	A	G	G	NA	T	A	T	C	G	T	T	A	G	G
