id	name	4_269719_0	4_269722_0	4_269723_0	4_269724_0	4_269725_0	4_269726_0	4_269727_0	4_269728_0	4_269767_0	4_269798_0	4_269807_0	4_269811_0	4_269815_0	4_269852_0	4_269861_0	4_269891_0	4_269892_0	4_269906_1	4_269907_0	4_269914_0	4_269930_0	4_269937_0	4_269958_0	4_269962_1	4_269962_2	4_269962_3	4_269962_4	4_269962_5	4_269962_6	4_269962_7	4_269962_8	4_269962_9	4_269962_10	4_269962_11	4_269962_12	4_269962_13	4_269962_14	4_269962_15	4_269962_16	4_269971_0	4_269972_0	4_269973_0	4_269974_0	4_269975_0	4_269982_0	4_269983_0	4_269984_0	4_269985_0	4_269988_0	4_270023_0	4_270025_0	4_270026_0	4_270035_0	4_270040_0	4_270070_1	4_270070_2	4_270070_3	4_270070_4	4_270070_5	4_270070_6	4_270070_7	4_270070_8	4_270070_9	4_270070_10	4_270070_11	4_270070_12	4_270070_13	4_270070_14	4_270070_15	4_270070_16	4_270070_17	4_270070_18	4_270070_19	4_270070_20	4_270076_0	4_270272_0	4_270303_0	4_270407_0	4_270428_0
7514	RRS-7	1	3	3	3	1	1	3	3	3	2	3	1	3	4	3	2	1	-1	3	1	1	2	3	4	4	3	4	2	2	2	4	1	4	3	3	4	2	4	2	4	1	4	4	2	2	1	2	4	3	2	4	2	1	1	-1	-1	-1	-1	-1	-1	-1	-1	-1	-1	-1	-1	-1	-1	-1	-1	-1	-1	-1	-1	4	1	4	3	3
7515	RRS-10	1	3	3	3	1	1	3	3	3	2	3	1	3	4	3	2	1	-1	3	1	1	2	3	4	4	3	4	2	2	2	4	1	4	3	3	4	2	4	2	4	1	4	4	2	2	1	2	4	3	2	4	2	1	1	-1	-1	-1	-1	-1	-1	-1	-1	-1	-1	-1	-1	-1	-1	-1	-1	-1	-1	-1	-1	4	1	4	1	3
6927	Knox-10	1	3	3	3	1	1	3	3	3	2	3	1	3	4	3	2	1	-1	3	1	1	2	3	4	4	3	4	2	2	2	4	1	4	3	3	4	2	4	2	4	1	4	4	2	2	1	2	4	3	2	4	2	1	1	-1	-1	-1	-1	-1	-1	-1	-1	-1	-1	-1	-1	-1	-1	-1	-1	-1	-1	-1	-1	4	1	4	1	3
6928	Knox-18	1	3	3	3	1	1	3	3	3	2	3	1	3	4	3	2	1	-1	3	1	1	2	3	4	4	3	4	2	2	2	4	1	4	3	3	4	2	4	2	4	1	4	4	2	2	1	2	4	3	2	4	2	1	1	-1	-1	-1	-1	-1	-1	-1	-1	-1	-1	-1	-1	-1	-1	-1	-1	-1	-1	-1	-1	4	1	4	3	3
7524	Rmx-A02	1	3	3	3	1	1	3	3	3	2	3	1	3	4	3	2	1	-1	3	1	1	2	3	4	4	3	4	2	2	2	4	1	4	3	3	4	2	4	2	4	1	4	4	2	2	1	2	4	3	2	4	2	1	1	-1	-1	-1	-1	-1	-1	-1	-1	-1	-1	-1	-1	-1	-1	-1	-1	-1	-1	-1	-1	4	1	4	1	3
7525	Rmx-A180	1	3	3	3	1	1	3	3	3	2	3	1	3	4	3	2	1	-1	3	1	1	2	3	4	4	3	4	2	2	2	4	1	4	3	3	4	2	4	2	4	1	4	4	2	2	1	2	4	3	2	4	2	1	1	-1	-1	-1	-1	-1	-1	-1	-1	-1	-1	-1	-1	-1	-1	-1	-1	-1	-1	-1	-1	4	1	4	3	3
7523	Pna-17	1	3	3	3	1	1	3	3	3	2	3	1	3	4	3	2	1	-1	3	1	1	2	3	4	4	3	4	2	2	2	4	1	4	3	3	4	2	4	2	4	1	4	4	2	2	1	2	4	3	2	4	2	1	1	-1	-1	-1	-1	-1	-1	-1	-1	-1	-1	-1	-1	-1	-1	-1	-1	-1	-1	-1	-1	4	1	4	1	3
7526	Pna-10	1	3	3	3	1	1	3	3	3	2	3	1	3	4	3	2	1	-1	3	1	1	2	3	4	4	3	4	2	2	2	4	1	4	3	3	4	2	4	2	4	1	4	4	2	2	1	2	4	3	2	4	2	1	1	-1	-1	-1	-1	-1	-1	-1	-1	-1	-1	-1	-1	-1	-1	-1	-1	-1	-1	-1	-1	4	1	4	1	3
6009	Eden-1	1	3	3	3	1	1	3	3	3	2	3	1	3	4	3	2	1	-1	3	1	1	2	3	4	4	3	4	2	2	2	4	1	4	3	3	4	2	4	2	4	1	4	4	2	2	1	2	4	3	2	4	2	1	1	-1	-1	-1	-1	-1	-1	-1	-1	-1	-1	-1	-1	-1	-1	-1	-1	-1	-1	-1	-1	4	3	4	3	3
6913	Eden-2	1	3	3	3	1	1	3	3	3	2	3	1	3	4	3	2	1	-1	3	1	1	2	3	4	4	3	4	2	2	2	4	1	4	3	3	4	2	4	2	4	1	4	4	2	2	1	2	4	3	2	4	2	1	1	-1	-1	-1	-1	-1	-1	-1	-1	-1	-1	-1	-1	-1	-1	-1	-1	-1	-1	-1	-1	4	3	4	3	3
6043	Lov-1	1	3	3	3	1	1	3	3	3	2	3	1	3	4	3	2	1	-1	3	1	1	2	3	4	4	3	4	2	2	2	4	1	4	3	3	4	2	4	2	4	1	4	4	2	2	1	2	4	3	2	4	2	1	1	-1	-1	-1	-1	-1	-1	-1	-1	-1	-1	-1	-1	-1	-1	-1	-1	-1	-1	-1	-1	4	3	4	3	3
6046	Lov-5	1	3	3	3	1	1	3	3	3	2	3	1	3	4	3	2	1	-1	3	1	1	2	3	4	4	3	4	2	2	2	4	1	4	3	3	4	2	4	2	4	1	4	4	2	2	1	2	4	3	2	4	2	1	1	-1	-1	-1	-1	-1	-1	-1	-1	-1	-1	-1	-1	-1	-1	-1	-1	-1	-1	-1	-1	4	3	4	3	3
6917	Fab-2	1	3	3	3	1	1	3	3	3	2	3	1	3	4	3	2	1	-1	3	1	1	2	3	4	4	3	4	2	2	2	4	1	4	3	3	4	2	4	2	4	1	4	4	2	2	1	2	4	3	2	4	2	1	1	-1	-1	-1	-1	-1	-1	-1	-1	-1	-1	-1	-1	-1	-1	-1	-1	-1	-1	-1	-1	4	3	4	3	3
6918	Fab-4	1	3	3	3	1	1	3	3	1	2	3	1	3	4	3	2	1	-1	3	1	1	2	3	4	4	3	4	2	2	2	4	1	4	3	3	4	2	4	2	4	1	4	4	2	2	1	2	4	3	2	4	2	1	1	-1	-1	-1	-1	-1	-1	-1	-1	-1	-1	-1	-1	-1	-1	-1	-1	-1	-1	-1	-1	4	3	4	3	3
6900	Bil-5	1	3	3	3	1	1	3	3	3	2	3	1	3	4	3	2	1	-1	3	1	1	2	3	4	4	3	4	2	2	2	4	1	4	3	3	4	2	4	2	4	1	4	4	2	2	1	2	4	3	2	4	2	1	1	-1	-1	-1	-1	-1	-1	-1	-1	-1	-1	-1	-1	-1	-1	-1	-1	-1	-1	-1	-1	4	3	4	3	3
6901	Bil-7	1	3	3	3	1	1	3	3	3	2	3	1	3	4	3	2	1	-1	3	1	1	2	3	4	4	3	4	2	2	2	4	1	4	3	3	4	2	4	2	4	1	4	4	2	2	1	2	4	3	2	4	2	1	1	-1	-1	-1	-1	-1	-1	-1	-1	-1	-1	-1	-1	-1	-1	-1	-1	-1	-1	-1	-1	4	3	4	3	3
7516	Var2-1	1	3	3	3	1	1	3	3	3	2	3	1	3	4	3	2	1	-1	3	1	1	2	3	4	4	3	4	2	2	2	4	1	4	3	3	4	2	4	2	4	1	4	4	2	2	1	2	4	3	2	4	2	1	1	-1	-1	-1	-1	-1	-1	-1	-1	-1	-1	-1	-1	-1	-1	-1	-1	-1	-1	-1	-1	4	1	4	3	3
7517	Var2-6	1	3	3	3	1	1	3	3	3	2	3	1	3	4	3	2	1	-1	3	1	1	2	3	4	4	3	4	2	2	2	4	1	4	3	3	4	2	4	2	4	1	4	4	2	2	1	2	4	3	2	4	2	1	1	-1	-1	-1	-1	-1	-1	-1	-1	-1	-1	-1	-1	-1	-1	-1	-1	-1	-1	-1	-1	2	1	4	1	3
6964	Spr1-2	1	3	3	3	1	1	3	3	3	2	3	1	3	4	3	2	1	-1	3	1	1	2	3	4	4	3	4	2	2	2	4	1	4	3	3	4	2	4	2	4	1	4	4	2	2	1	2	4	3	2	4	2	1	1	-1	-1	-1	-1	-1	-1	-1	-1	-1	-1	-1	-1	-1	-1	-1	-1	-1	-1	-1	-1	4	1	4	1	3
6965	Spr1-6	1	3	3	3	1	1	3	3	3	2	3	1	3	4	3	2	1	-1	3	1	1	2	3	4	4	3	4	2	2	2	4	1	4	3	3	4	2	4	2	4	1	4	4	2	2	1	2	4	3	2	4	2	1	1	-1	-1	-1	-1	-1	-1	-1	-1	-1	-1	-1	-1	-1	-1	-1	-1	-1	-1	-1	-1	4	1	4	3	3
7518	Omo2-1	1	3	3	3	1	1	3	3	3	2	3	1	3	4	3	2	1	-1	3	1	1	2	3	4	4	3	4	2	2	2	4	1	4	3	3	4	2	4	2	4	1	4	4	2	2	1	2	4	3	2	4	2	1	1	-1	-1	-1	-1	-1	-1	-1	-1	-1	-1	-1	-1	-1	-1	-1	-1	-1	-1	-1	-1	4	1	4	1	3
7519	Omo2-3	1	3	3	3	1	1	3	3	3	2	3	1	3	4	3	2	1	-1	3	1	1	2	3	4	4	3	4	2	2	2	4	1	4	3	3	4	2	4	2	4	1	4	4	2	2	1	2	4	3	2	4	2	1	1	-1	-1	-1	-1	-1	-1	-1	-1	-1	-1	-1	-1	-1	-1	-1	-1	-1	-1	-1	-1	4	3	4	3	3
6974	Ull2-5	1	3	3	3	1	1	3	3	3	2	3	1	3	4	3	2	1	-1	3	1	1	2	3	4	4	3	4	2	2	2	4	1	4	3	3	4	2	4	2	4	1	4	4	2	2	1	2	4	3	2	4	2	1	1	-1	-1	-1	-1	-1	-1	-1	-1	-1	-1	-1	-1	-1	-1	-1	-1	-1	-1	-1	-1	4	1	4	3	3
6973	Ull2-3	1	3	3	3	1	1	3	3	3	2	3	1	3	4	3	2	1	-1	3	1	1	2	3	4	4	3	4	2	2	2	4	1	4	3	3	4	2	4	2	4	1	4	4	2	2	1	2	4	3	2	4	2	1	1	-1	-1	-1	-1	-1	-1	-1	-1	-1	-1	-1	-1	-1	-1	-1	-1	-1	-1	-1	-1	4	1	4	3	3
6984	Zdr-1	1	3	3	3	1	1	3	3	3	2	3	1	3	4	3	2	1	-1	3	1	1	2	3	4	4	3	4	2	2	2	4	1	4	3	3	4	2	4	2	4	1	4	4	2	2	1	2	4	3	2	4	2	1	1	-1	-1	-1	-1	-1	-1	-1	-1	-1	-1	-1	-1	-1	-1	-1	-1	-1	-1	-1	-1	4	1	4	3	3
6985	Zdr-6	1	3	3	3	1	1	3	3	3	2	3	1	3	4	3	2	1	-1	3	1	1	2	3	4	4	3	4	2	2	2	4	1	4	3	3	4	2	4	2	4	1	4	4	2	2	1	2	4	3	2	4	2	1	1	-1	-1	-1	-1	-1	-1	-1	-1	-1	-1	-1	-1	-1	-1	-1	-1	-1	-1	-1	-1	4	1	4	3	2
5837	Bor-1	1	3	3	3	1	1	3	3	3	2	3	1	3	4	3	2	1	-1	3	1	1	2	3	4	4	3	4	2	2	2	4	1	4	3	3	4	2	4	2	4	1	4	4	2	2	1	2	4	3	2	4	2	1	1	-1	-1	-1	-1	-1	-1	-1	-1	-1	-1	-1	-1	-1	-1	-1	-1	-1	-1	-1	-1	4	1	4	3	3
6903	Bor-4	1	3	3	3	1	1	3	3	3	2	3	1	3	4	3	2	1	-1	3	1	1	2	3	4	4	3	4	2	2	2	4	1	4	3	3	4	2	4	2	4	1	4	4	2	2	1	2	4	3	2	4	2	1	1	-1	-1	-1	-1	-1	-1	-1	-1	-1	-1	-1	-1	-1	-1	-1	-1	-1	-1	-1	-1	4	1	4	3	2
6956	Pu2-7	1	3	3	3	1	1	3	3	3	2	3	1	3	4	3	2	1	-1	3	1	1	2	3	4	4	3	4	2	2	2	4	1	4	3	3	4	2	4	2	4	1	4	4	2	2	1	2	4	3	2	4	2	1	1	-1	-1	-1	-1	-1	-1	-1	-1	-1	-1	-1	-1	-1	-1	-1	-1	-1	-1	-1	-1	4	1	4	3	3
6951	Pu2-23	1	3	3	3	1	1	3	3	3	2	3	1	3	4	3	2	1	-1	3	1	1	2	3	4	4	3	4	2	2	2	4	1	4	3	3	4	2	4	2	4	1	4	4	2	2	1	2	4	3	2	4	2	1	1	-1	-1	-1	-1	-1	-1	-1	-1	-1	-1	-1	-1	-1	-1	-1	-1	-1	-1	-1	-1	4	1	4	3	3
7520	Lp2-2	1	3	3	3	1	1	3	3	3	2	3	1	3	4	3	2	1	-1	3	1	1	2	3	4	4	3	4	2	2	2	4	1	4	3	3	4	2	4	2	4	1	4	4	2	2	1	2	4	3	2	4	2	1	1	-1	-1	-1	-1	-1	-1	-1	-1	-1	-1	-1	-1	-1	-1	-1	-1	-1	-1	-1	-1	4	1	4	1	3
7521	Lp2-6	1	3	3	3	1	1	3	3	3	2	3	1	3	4	3	2	1	-1	3	1	1	2	3	4	4	3	4	2	2	2	4	1	4	3	3	4	2	4	2	4	1	4	4	2	2	1	2	4	3	2	4	2	1	1	-1	-1	-1	-1	-1	-1	-1	-1	-1	-1	-1	-1	-1	-1	-1	-1	-1	-1	-1	-1	4	1	4	3	3
6924	HR-5	1	3	3	3	1	1	3	3	3	2	3	1	3	4	3	2	3	4	3	1	1	2	3	4	4	3	4	2	2	2	4	1	4	3	3	4	2	4	2	4	1	4	4	2	2	1	2	4	3	2	4	2	1	1	-1	-1	-1	-1	-1	-1	-1	-1	-1	-1	-1	-1	-1	-1	-1	-1	-1	-1	-1	-1	4	1	4	1	3
6923	HR-10	1	3	3	3	1	1	3	3	3	2	3	1	3	4	3	2	3	4	3	1	1	2	3	4	4	3	4	2	2	2	4	1	4	3	3	4	2	4	2	4	1	4	4	2	2	1	2	4	3	2	4	2	1	1	-1	-1	-1	-1	-1	-1	-1	-1	-1	-1	-1	-1	-1	-1	-1	-1	-1	-1	-1	-1	4	1	4	1	3
6944	NFA-8	1	3	3	3	1	1	3	3	3	2	3	1	3	4	3	2	3	4	3	1	1	2	3	4	4	3	4	2	2	2	4	1	4	3	3	4	2	4	2	4	1	4	4	2	2	1	2	4	3	2	4	2	1	1	-1	-1	-1	-1	-1	-1	-1	-1	-1	-1	-1	-1	-1	-1	-1	-1	-1	-1	-1	-1	4	1	4	1	3
6943	NFA-10	1	3	3	3	1	1	3	3	3	2	3	1	3	4	3	2	1	-1	3	1	1	2	3	4	4	3	4	2	2	2	4	1	4	3	3	4	2	4	2	4	1	4	4	2	2	1	2	4	3	2	4	2	1	1	-1	-1	-1	-1	-1	-1	-1	-1	-1	-1	-1	-1	-1	-1	-1	-1	-1	-1	-1	-1	4	1	4	3	3
6966	Sq-1	1	3	3	3	1	1	3	3	3	2	3	1	3	4	3	2	1	-1	3	1	1	2	3	4	4	3	4	2	2	2	4	1	4	3	3	4	2	4	2	4	1	4	4	2	2	1	2	4	3	2	4	2	1	1	-1	-1	-1	-1	-1	-1	-1	-1	-1	-1	-1	-1	-1	-1	-1	-1	-1	-1	-1	-1	4	1	4	3	3
6967	Sq-8	1	3	3	3	1	1	3	3	3	2	3	1	3	4	3	2	1	-1	3	1	1	2	3	-1	-1	-1	-1	-1	-1	-1	-1	-1	-1	-1	-1	-1	-1	-1	-1	4	1	4	4	2	2	1	2	4	3	2	4	2	1	1	-1	-1	-1	-1	-1	-1	-1	-1	-1	-1	-1	-1	-1	-1	-1	-1	-1	-1	-1	-1	4	1	4	1	3
6908	CIBC-5	1	3	3	3	1	1	3	3	3	2	3	1	3	4	3	2	1	-1	3	1	1	2	3	4	4	3	4	2	2	2	4	1	4	3	3	4	2	4	2	4	1	4	4	2	2	1	2	4	3	2	4	2	1	1	-1	-1	-1	-1	-1	-1	-1	-1	-1	-1	-1	-1	-1	-1	-1	-1	-1	-1	-1	-1	2	1	4	1	3
6907	CIBC-17	1	3	3	3	1	1	3	3	3	2	3	1	3	4	3	2	1	-1	3	1	1	2	3	4	4	3	4	2	2	2	4	1	4	3	3	4	2	4	2	4	1	4	4	2	2	1	2	4	3	2	4	2	1	1	-1	-1	-1	-1	-1	-1	-1	-1	-1	-1	-1	-1	-1	-1	-1	-1	-1	-1	-1	-1	4	3	4	3	3
6968	Tamm-2	1	3	3	3	1	1	3	3	3	2	3	1	3	4	3	2	1	-1	3	1	1	2	3	4	4	3	4	2	2	2	4	1	4	3	3	4	2	4	2	4	1	4	4	2	2	1	2	4	3	2	4	2	1	1	-1	-1	-1	-1	-1	-1	-1	-1	-1	-1	-1	-1	-1	-1	-1	-1	-1	-1	-1	-1	4	1	4	3	3
6969	Tamm-27	1	3	3	3	1	1	3	3	3	2	3	1	3	4	3	2	1	-1	3	1	1	2	3	4	4	3	4	2	2	2	4	1	4	3	3	4	2	4	2	4	1	4	4	2	2	1	2	4	3	2	4	2	1	1	-1	-1	-1	-1	-1	-1	-1	-1	-1	-1	-1	-1	-1	-1	-1	-1	-1	-1	-1	-1	4	1	4	3	3
6930	Kz-1	1	3	3	3	1	1	3	3	3	2	4	1	3	4	3	2	1	-1	3	1	1	2	3	4	4	3	4	2	2	2	4	1	4	3	3	4	2	4	2	4	1	4	4	2	2	1	2	4	3	2	4	2	1	1	-1	-1	-1	-1	-1	-1	-1	-1	-1	-1	-1	-1	-1	-1	-1	-1	-1	-1	-1	-1	4	1	4	3	3
6931	Kz-9	1	3	3	3	1	1	3	3	3	2	3	1	3	4	3	2	1	-1	3	1	1	2	3	4	4	3	4	2	2	2	4	1	4	3	3	4	2	4	2	4	1	4	4	2	2	1	2	4	3	2	4	2	1	1	-1	-1	-1	-1	-1	-1	-1	-1	-1	-1	-1	-1	-1	-1	-1	-1	-1	-1	-1	-1	4	1	4	3	3
6921	Got-7	1	3	3	3	1	1	3	3	3	2	3	1	3	4	3	2	1	-1	3	1	1	2	3	4	4	3	4	2	2	2	4	1	4	3	3	4	2	4	2	4	1	4	4	2	2	1	2	4	3	2	4	2	1	1	-1	-1	-1	-1	-1	-1	-1	-1	-1	-1	-1	-1	-1	-1	-1	-1	-1	-1	-1	-1	4	1	4	3	3
6920	Got-22	1	3	3	3	1	1	3	3	3	2	3	1	3	4	3	2	1	-1	3	1	1	2	3	4	4	3	4	2	2	2	4	1	4	3	3	4	2	4	2	4	1	4	4	2	2	1	2	4	3	2	4	2	1	1	-1	-1	-1	-1	-1	-1	-1	-1	-1	-1	-1	-1	-1	-1	-1	-1	-1	-1	-1	-1	4	1	4	3	3
6959	Ren-1	1	3	3	3	1	1	3	3	3	2	3	1	3	4	3	2	1	-1	3	1	1	2	3	4	4	3	4	2	2	2	4	1	4	3	3	4	2	4	2	4	1	4	4	2	2	1	2	4	3	2	4	2	1	1	-1	-1	-1	-1	-1	-1	-1	-1	-1	-1	-1	-1	-1	-1	-1	-1	-1	-1	-1	-1	4	1	4	1	3
6960	Ren-11	1	3	3	3	1	1	3	3	3	2	3	1	3	4	3	2	1	-1	3	1	1	2	3	4	4	3	4	2	2	2	4	1	4	3	3	4	2	4	2	4	1	4	4	2	2	1	2	4	3	2	4	2	1	1	-1	-1	-1	-1	-1	-1	-1	-1	-1	-1	-1	-1	-1	-1	-1	-1	-1	-1	-1	-1	4	3	4	3	3
6975	Uod-1	1	3	3	3	1	1	3	3	3	2	3	1	3	4	3	2	1	-1	3	1	1	2	3	4	4	3	4	2	2	2	4	1	4	3	3	4	2	4	2	4	1	4	4	2	2	1	2	4	3	2	4	2	1	1	-1	-1	-1	-1	-1	-1	-1	-1	-1	-1	-1	-1	-1	-1	-1	-1	-1	-1	-1	-1	4	1	4	3	3
6976	Uod-7	1	3	3	3	1	1	3	3	3	2	3	1	3	4	3	2	1	-1	3	1	1	2	3	4	4	3	4	2	2	2	4	1	4	3	3	4	2	4	2	4	1	4	4	2	2	1	2	4	3	2	4	2	1	1	-1	-1	-1	-1	-1	-1	-1	-1	-1	-1	-1	-1	-1	-1	-1	-1	-1	-1	-1	-1	2	1	4	1	3
6911	Cvi-0	4	3	3	3	1	1	3	3	3	2	3	1	3	4	3	2	1	-1	3	1	1	2	3	4	4	3	4	2	2	2	4	1	4	3	3	4	2	4	2	4	1	4	4	2	2	1	2	4	3	2	4	2	1	1	-1	-1	-1	-1	-1	-1	-1	-1	-1	-1	-1	-1	-1	-1	-1	-1	-1	-1	-1	-1	4	1	4	3	3
6936	Lz-0	1	3	3	3	1	1	3	3	3	2	3	1	3	4	3	2	1	-1	3	1	1	2	3	4	4	3	4	2	2	2	4	1	4	3	3	4	2	4	2	4	1	4	4	2	2	1	2	4	3	2	4	2	1	1	-1	-1	-1	-1	-1	-1	-1	-1	-1	-1	-1	-1	-1	-1	-1	-1	-1	-1	-1	-1	4	1	4	3	3
6915	Ei-2	1	3	3	3	1	1	3	3	3	2	3	1	3	4	3	2	1	-1	3	1	1	4	3	4	4	3	4	2	2	2	4	1	4	3	3	4	2	4	2	4	1	4	4	2	2	1	2	4	3	2	4	2	1	1	-1	-1	-1	-1	-1	-1	-1	-1	-1	-1	-1	-1	-1	-1	-1	-1	-1	-1	-1	-1	4	1	4	3	3
6922	Gu-0	1	3	3	3	1	1	3	3	3	2	3	1	3	4	3	2	1	-1	3	1	1	2	3	-1	-1	-1	-1	-1	-1	-1	-1	-1	-1	-1	-1	-1	-1	-1	-1	4	1	4	4	2	2	1	2	4	3	2	4	2	1	1	-1	-1	-1	-1	-1	-1	-1	-1	-1	-1	-1	-1	-1	-1	-1	-1	-1	-1	-1	-1	4	1	4	1	3
6932	Ler-1	1	3	3	3	1	1	3	3	3	2	3	1	3	4	3	2	1	-1	3	1	1	2	3	4	4	3	4	2	2	2	4	1	4	3	3	4	2	4	2	4	1	4	4	2	2	1	2	4	3	2	4	2	1	1	-1	-1	-1	-1	-1	-1	-1	-1	-1	-1	-1	-1	-1	-1	-1	-1	-1	-1	-1	-1	4	1	4	3	3
6942	Nd-1	1	3	3	3	1	1	3	3	3	2	3	1	3	4	3	2	1	-1	3	1	1	2	3	-1	-1	-1	-1	-1	-1	-1	-1	-1	-1	-1	-1	-1	-1	-1	-1	4	1	4	4	2	2	1	2	4	3	2	4	2	1	1	-1	-1	-1	-1	-1	-1	-1	-1	-1	-1	-1	-1	-1	-1	-1	-1	-1	-1	-1	-1	4	1	4	1	3
6906	C24	1	3	3	3	1	1	3	3	3	2	3	1	3	4	3	2	1	-1	3	1	1	2	3	4	4	3	4	2	2	2	4	1	4	3	3	4	2	4	2	4	1	4	4	2	2	1	2	4	3	2	4	2	1	1	-1	-1	-1	-1	-1	-1	-1	-1	-1	-1	-1	-1	-1	-1	-1	-1	-1	-1	-1	-1	4	1	4	1	3
7438	CS22491	1	3	3	3	1	1	3	3	3	2	3	1	3	4	3	2	1	-1	3	1	1	2	3	4	4	3	4	2	2	2	4	1	4	3	3	4	2	4	2	4	1	4	4	2	2	1	2	4	3	2	4	2	1	1	-1	-1	-1	-1	-1	-1	-1	-1	-1	-1	-1	-1	-1	-1	-1	-1	-1	-1	-1	-1	4	1	4	1	3
6979	Wei-0	1	3	3	3	1	1	3	3	3	2	3	1	3	4	3	2	1	-1	3	1	1	2	3	4	4	3	4	2	2	2	4	1	4	3	3	4	2	4	2	4	1	4	4	2	2	1	2	4	3	2	4	2	1	1	-1	-1	-1	-1	-1	-1	-1	-1	-1	-1	-1	-1	-1	-1	-1	-1	-1	-1	-1	-1	4	1	4	3	3
6980	Ws-0	1	3	3	3	1	1	3	3	3	2	3	1	3	4	3	2	1	-1	3	1	1	2	3	4	4	3	4	2	2	2	4	1	4	3	3	4	2	4	2	4	1	4	4	2	2	1	2	4	3	2	4	2	1	1	-1	-1	-1	-1	-1	-1	-1	-1	-1	-1	-1	-1	-1	-1	-1	-1	-1	-1	-1	-1	4	1	4	3	3
6983	Yo-0	1	3	3	3	1	1	3	3	3	2	3	1	3	4	3	2	1	-1	3	1	1	2	3	4	4	3	4	2	2	2	4	1	4	3	3	4	2	4	2	4	1	4	4	2	2	1	2	4	3	2	4	2	1	1	-1	-1	-1	-1	-1	-1	-1	-1	-1	-1	-1	-1	-1	-1	-1	-1	-1	-1	-1	-1	4	1	4	1	3
6909	Col-0	1	3	3	3	1	1	3	3	3	2	3	1	3	4	3	2	1	-1	3	1	1	2	3	-1	-1	-1	-1	-1	-1	-1	-1	-1	-1	-1	-1	-1	-1	-1	-1	4	1	4	4	2	2	1	2	4	3	2	4	2	1	1	-1	-1	-1	-1	-1	-1	-1	-1	-1	-1	-1	-1	-1	-1	-1	-1	-1	-1	-1	-1	4	1	4	1	3
6898	An-1	1	3	3	3	1	1	3	3	3	2	3	1	3	4	3	2	1	-1	3	1	1	2	3	4	4	3	4	2	2	2	4	1	4	3	3	4	2	4	2	4	1	4	4	2	2	1	2	4	3	2	4	2	1	1	-1	-1	-1	-1	-1	-1	-1	-1	-1	-1	-1	-1	-1	-1	-1	-1	-1	-1	-1	-1	4	1	4	3	3
6977	Van-0	1	3	3	3	1	1	3	3	3	2	3	1	3	4	3	2	1	-1	3	1	1	2	3	4	4	3	4	2	2	2	4	1	4	3	3	4	2	4	2	4	1	4	4	2	2	1	2	4	3	2	4	2	1	1	-1	-1	-1	-1	-1	-1	-1	-1	-1	-1	-1	-1	-1	-1	-1	-1	-1	-1	-1	-1	4	1	4	3	3
6904	Br-0	1	3	3	3	1	1	3	3	3	2	3	1	3	4	3	2	1	-1	3	1	1	2	3	4	4	3	4	2	2	2	4	1	4	3	3	4	2	4	2	4	1	4	4	2	2	1	2	4	3	2	4	2	1	1	-1	-1	-1	-1	-1	-1	-1	-1	-1	-1	-1	-1	-1	-1	-1	-1	-1	-1	-1	-1	4	1	4	3	3
6916	Est-1	1	3	3	3	1	1	3	3	3	2	3	1	3	4	3	2	1	-1	3	1	1	2	3	-1	-1	-1	-1	-1	-1	-1	-1	-1	-1	-1	-1	-1	-1	-1	-1	4	1	4	4	2	2	1	2	4	3	2	4	2	1	1	-1	-1	-1	-1	-1	-1	-1	-1	-1	-1	-1	-1	-1	-1	-1	-1	-1	-1	-1	-1	4	1	4	1	3
6897	Ag-0	1	3	3	3	1	1	3	3	3	2	3	1	3	4	3	2	1	-1	3	1	1	2	3	4	4	3	4	2	2	2	4	1	4	3	3	4	2	4	2	4	1	4	4	2	2	1	2	4	3	2	4	2	1	1	-1	-1	-1	-1	-1	-1	-1	-1	-1	-1	-1	-1	-1	-1	-1	-1	-1	-1	-1	-1	4	1	4	3	3
8214	Gy-0	1	3	3	3	1	1	3	3	3	2	3	1	3	4	3	2	1	-1	3	1	1	2	3	4	4	3	4	2	2	2	4	1	4	3	3	4	2	4	2	4	1	4	4	2	2	1	2	4	3	2	4	2	1	1	-1	-1	-1	-1	-1	-1	-1	-1	-1	-1	-1	-1	-1	-1	-1	-1	-1	-1	-1	-1	4	1	4	3	3
6958	Ra-0	1	3	3	3	1	1	3	3	3	2	3	1	3	4	3	2	1	-1	3	1	1	2	3	4	4	3	4	2	2	2	4	1	4	3	3	4	2	4	2	4	1	4	4	2	2	1	2	4	3	2	4	2	1	1	-1	-1	-1	-1	-1	-1	-1	-1	-1	-1	-1	-1	-1	-1	-1	-1	-1	-1	-1	-1	4	1	4	3	3
6899	Bay-0	1	3	3	3	1	1	3	3	3	2	3	1	3	4	3	2	1	-1	3	1	1	2	3	4	4	3	4	2	2	2	4	1	4	3	3	4	2	4	2	4	1	4	4	2	2	1	2	4	3	2	4	2	1	1	-1	-1	-1	-1	-1	-1	-1	-1	-1	-1	-1	-1	-1	-1	-1	-1	-1	-1	-1	-1	4	1	4	3	3
6919	Ga-0	1	3	3	3	1	1	3	3	3	2	3	1	3	4	3	2	1	-1	3	1	1	2	3	4	4	3	4	2	2	2	4	1	4	3	3	4	2	4	2	4	1	4	4	2	2	1	2	4	3	2	4	2	1	1	-1	-1	-1	-1	-1	-1	-1	-1	-1	-1	-1	-1	-1	-1	-1	-1	-1	-1	-1	-1	4	1	4	3	3
6937	Mrk-0	1	3	3	3	1	1	3	3	3	2	3	1	3	4	3	2	1	-1	3	1	1	2	3	4	4	3	4	2	2	2	4	1	4	3	3	4	2	4	2	4	1	4	4	2	2	1	2	4	3	2	4	2	1	1	-1	-1	-1	-1	-1	-1	-1	-1	-1	-1	-1	-1	-1	-1	-1	-1	-1	-1	-1	-1	4	1	4	3	3
6940	Mz-0	1	3	3	3	1	1	3	3	3	2	3	1	3	4	3	2	1	-1	3	1	1	2	3	-1	-1	-1	-1	-1	-1	-1	-1	-1	-1	-1	-1	-1	-1	-1	-1	4	1	4	4	2	2	1	2	4	3	2	4	2	1	1	-1	-1	-1	-1	-1	-1	-1	-1	-1	-1	-1	-1	-1	-1	-1	-1	-1	-1	-1	-1	4	1	4	1	3
6982	Wt-5	1	3	3	3	1	1	3	3	3	2	3	1	3	4	3	2	1	-1	3	1	1	2	3	4	4	3	4	2	2	2	4	1	4	3	3	4	2	4	2	4	1	4	4	2	2	1	2	4	3	2	4	2	1	1	-1	-1	-1	-1	-1	-1	-1	-1	-1	-1	-1	-1	-1	-1	-1	-1	-1	-1	-1	-1	4	1	4	3	3
8424	Kas-2	1	3	3	3	1	1	3	3	3	2	3	1	3	4	3	2	1	-1	3	1	1	2	3	4	4	3	4	2	2	2	4	1	4	3	3	4	2	4	2	4	1	4	4	2	2	1	2	4	3	2	4	2	1	1	-1	-1	-1	-1	-1	-1	-1	-1	-1	-1	-1	-1	-1	-1	-1	-1	-1	-1	-1	-1	4	1	4	3	3
6910	Ct-1	1	3	3	3	1	1	3	3	3	2	3	1	3	4	3	2	1	-1	3	1	1	2	3	4	4	3	4	2	2	2	4	1	4	3	3	4	2	4	2	4	1	4	4	2	2	1	2	4	3	2	4	2	1	1	-1	-1	-1	-1	-1	-1	-1	-1	-1	-1	-1	-1	-1	-1	-1	-1	-1	-1	-1	-1	4	1	3	3	3
7522	Mr-0	1	3	3	3	1	1	3	3	3	2	3	1	3	4	3	2	1	-1	3	1	1	2	3	4	4	3	4	2	2	2	4	1	4	3	3	4	2	4	2	4	1	4	4	2	2	1	2	4	3	2	4	2	1	1	-1	-1	-1	-1	-1	-1	-1	-1	-1	-1	-1	-1	-1	-1	-1	-1	-1	-1	-1	-1	4	1	4	3	3
6972	Tsu-1	1	3	3	3	1	1	3	3	3	2	3	1	3	4	3	2	1	-1	3	1	1	2	3	4	4	3	4	2	2	2	4	1	4	3	3	4	2	4	2	4	1	4	4	2	2	1	2	4	3	2	4	2	1	1	-1	-1	-1	-1	-1	-1	-1	-1	-1	-1	-1	-1	-1	-1	-1	-1	-1	-1	-1	-1	4	1	4	3	3
6939	Mt-0	1	3	3	3	1	1	3	3	3	2	3	1	3	4	3	2	1	-1	3	1	1	2	3	-1	-1	-1	-1	-1	-1	-1	-1	-1	-1	-1	-1	-1	-1	-1	-1	4	1	4	4	2	2	1	2	4	3	2	4	2	1	1	-1	-1	-1	-1	-1	-1	-1	-1	-1	-1	-1	-1	-1	-1	-1	-1	-1	-1	-1	-1	4	1	4	1	3
6945	Nok-3	1	3	3	3	1	1	3	3	3	2	3	1	3	4	3	2	1	-1	3	1	1	2	3	4	4	3	4	2	2	2	4	1	4	3	3	4	2	4	2	4	1	4	4	2	2	1	2	4	3	2	4	2	1	1	-1	-1	-1	-1	-1	-1	-1	-1	-1	-1	-1	-1	-1	-1	-1	-1	-1	-1	-1	-1	4	1	4	1	3
6978	Wa-1	1	3	3	3	1	1	3	3	3	2	3	1	3	4	3	2	1	-1	4	1	1	2	3	4	4	3	4	2	2	2	4	1	4	3	3	4	2	4	2	4	1	4	4	2	2	1	2	4	3	2	4	2	1	1	-1	-1	-1	-1	-1	-1	-1	-1	-1	-1	-1	-1	-1	-1	-1	-1	-1	-1	-1	-1	4	1	4	3	3
8215	Fei-0	1	3	3	3	1	1	3	3	3	2	3	1	3	4	3	2	1	-1	3	1	1	2	3	4	4	3	4	2	2	2	4	1	4	3	3	4	2	4	2	4	1	4	4	2	2	1	2	4	3	2	4	2	1	1	-1	-1	-1	-1	-1	-1	-1	-1	-1	-1	-1	-1	-1	-1	-1	-1	-1	-1	-1	-1	4	1	4	3	3
6961	Se-0	1	3	3	3	1	1	3	3	3	2	3	1	3	4	3	2	1	-1	3	1	1	2	3	4	4	3	4	2	2	2	4	1	4	3	3	4	2	4	2	4	1	4	4	2	2	1	2	4	3	2	4	2	1	1	-1	-1	-1	-1	-1	-1	-1	-1	-1	-1	-1	-1	-1	-1	-1	-1	-1	-1	-1	-1	4	3	4	3	3
6970	Ts-1	1	3	3	3	1	1	3	3	3	2	3	1	3	4	3	2	1	-1	3	1	1	2	3	4	4	3	4	2	2	2	4	1	4	3	3	4	2	4	2	4	1	4	4	2	2	1	2	4	3	2	4	2	1	1	-1	-1	-1	-1	-1	-1	-1	-1	-1	-1	-1	-1	-1	-1	-1	-1	-1	-1	-1	-1	4	3	4	3	3
6971	Ts-5	1	3	3	3	1	1	3	3	3	2	3	1	3	4	3	2	1	-1	3	1	1	2	3	4	4	3	4	2	2	2	4	1	4	3	3	4	2	4	2	4	1	4	4	2	2	1	2	4	3	2	4	2	1	1	-1	-1	-1	-1	-1	-1	-1	-1	-1	-1	-1	-1	-1	-1	-1	-1	-1	-1	-1	-1	4	3	4	3	3
8213	Pro-0	1	3	3	3	1	1	3	3	3	2	3	1	3	4	3	2	1	-1	3	1	1	2	3	4	4	3	4	2	2	2	4	1	4	3	3	4	2	4	2	4	1	4	4	2	2	1	2	4	3	2	4	2	1	1	-1	-1	-1	-1	-1	-1	-1	-1	-1	-1	-1	-1	-1	-1	-1	-1	-1	-1	-1	-1	4	1	4	3	3
6933	LL-0	1	3	3	3	1	1	3	3	3	2	3	1	3	4	3	2	1	-1	3	1	1	2	3	4	4	3	4	2	2	2	4	1	4	3	3	4	2	4	2	4	1	4	4	2	2	1	2	4	3	2	4	2	1	1	-1	-1	-1	-1	-1	-1	-1	-1	-1	-1	-1	-1	-1	-1	-1	-1	-1	-1	-1	-1	4	3	4	3	3
6929	Kondara	1	3	3	3	1	1	3	3	3	2	3	1	3	4	3	2	1	-1	3	1	1	2	3	4	4	3	4	2	2	2	4	1	4	3	3	4	2	4	2	4	1	4	4	2	2	1	2	4	3	2	4	2	1	1	-1	-1	-1	-1	-1	-1	-1	-1	-1	-1	-1	-1	-1	-1	-1	-1	-1	-1	-1	-1	4	1	4	3	3
6962	Shahdara	1	3	3	3	1	1	3	3	3	2	3	1	3	4	3	2	1	-1	3	1	1	2	3	4	4	3	4	2	2	2	4	1	4	3	3	4	2	4	2	4	1	4	4	2	2	1	2	4	3	2	4	2	1	1	-1	-1	-1	-1	-1	-1	-1	-1	-1	-1	-1	-1	-1	-1	-1	-1	-1	-1	-1	-1	4	1	4	3	0
6963	Sorbo	1	3	3	3	1	1	3	3	3	2	3	1	3	4	3	2	1	-1	3	1	1	2	3	4	4	3	4	2	2	2	4	1	4	3	3	4	2	4	2	4	1	4	4	2	2	1	2	4	3	2	4	2	1	1	-1	-1	-1	-1	-1	-1	-1	-1	-1	-1	-1	-1	-1	-1	-1	-1	-1	-1	-1	-1	4	1	4	3	3
6926	Kin-0	1	3	3	3	1	1	3	3	3	2	3	1	3	4	3	2	3	4	3	1	1	2	3	4	4	3	4	2	2	2	4	1	4	3	3	4	2	4	2	4	1	4	4	2	2	1	2	4	3	2	4	2	1	1	-1	-1	-1	-1	-1	-1	-1	-1	-1	-1	-1	-1	-1	-1	-1	-1	-1	-1	-1	-1	4	1	4	1	3
6938	Ms-0	0	0	0	0	0	0	0	0	3	2	3	1	3	4	3	2	1	-1	3	1	1	2	3	-1	-1	-1	-1	-1	-1	-1	-1	-1	-1	-1	-1	-1	-1	-1	-1	4	1	4	4	2	2	1	2	4	3	2	4	2	1	1	-1	-1	-1	-1	-1	-1	-1	-1	-1	-1	-1	-1	-1	-1	-1	-1	-1	-1	-1	-1	4	1	4	1	3
6905	Bur-0	1	3	3	3	1	1	3	3	3	2	3	1	3	4	3	2	1	-1	3	1	1	2	3	4	4	3	4	2	2	2	4	1	4	3	3	4	2	4	2	4	1	4	4	2	2	1	2	4	3	2	4	2	1	1	-1	-1	-1	-1	-1	-1	-1	-1	-1	-1	-1	-1	-1	-1	-1	-1	-1	-1	-1	-1	4	3	4	3	3
6914	Edi-0	1	3	3	3	1	1	3	3	3	2	3	1	3	4	3	2	1	-1	3	1	1	2	3	4	4	3	4	2	2	2	4	1	4	3	3	4	2	4	2	4	1	4	4	2	2	1	2	4	3	2	4	2	1	1	-1	-1	-1	-1	-1	-1	-1	-1	-1	-1	-1	-1	-1	-1	-1	-1	-1	-1	-1	-1	4	1	4	1	3
6946	Oy-0	1	3	3	3	1	1	3	3	3	2	3	1	3	4	3	2	1	-1	3	1	1	2	3	-1	-1	-1	-1	-1	-1	-1	-1	-1	-1	-1	-1	-1	-1	-1	-1	4	1	4	4	2	2	1	2	4	3	2	4	2	1	1	-1	-1	-1	-1	-1	-1	-1	-1	-1	-1	-1	-1	-1	-1	-1	-1	-1	-1	-1	-1	4	1	4	1	3
6981	Ws-2	1	3	3	3	1	1	3	3	3	2	3	1	3	4	3	2	1	-1	3	1	1	2	3	-1	-1	-1	-1	-1	-1	-1	-1	-1	-1	-1	-1	-1	-1	-1	-1	4	1	4	4	2	2	1	2	4	3	2	4	2	1	1	-1	-1	-1	-1	-1	-1	-1	-1	-1	-1	-1	-1	-1	-1	-1	-1	-1	-1	-1	-1	4	1	4	1	0
7453	M3385S	0	0	0	0	0	0	0	0	0	0	0	0	0	0	0	0	0	0	0	0	0	0	0	0	0	0	0	0	0	0	0	0	0	0	0	0	0	0	0	0	0	0	0	0	0	0	0	0	0	0	0	0	0	0	0	0	0	0	0	0	0	0	0	0	0	0	0	0	0	0	0	0	0	0	0	0	0	0	0
8238	Kent	0	0	0	0	0	0	0	0	0	0	0	0	0	0	0	0	0	0	0	0	0	0	0	0	0	0	0	0	0	0	0	0	0	0	0	0	0	0	0	0	0	0	0	0	0	0	0	0	0	0	0	0	0	0	0	0	0	0	0	0	0	0	0	0	0	0	0	0	0	0	0	0	0	0	0	0	0	0	0
8374	Rsch-4	1	3	3	3	1	1	3	3	3	2	3	1	3	4	3	2	1	-1	3	1	1	2	3	4	4	3	4	2	2	2	4	1	4	3	3	4	2	4	2	4	1	4	4	2	2	1	2	4	3	2	4	2	1	1	-1	-1	-1	-1	-1	-1	-1	-1	-1	-1	-1	-1	-1	-1	-1	-1	-1	-1	-1	-1	4	1	4	3	3
8230	Algutsrum	0	0	0	0	0	0	0	0	0	0	0	0	0	0	0	0	0	-1	3	1	1	2	3	4	4	3	4	2	2	2	4	1	4	3	3	4	2	4	2	4	1	4	4	2	2	1	2	4	3	2	4	2	1	1	-1	-1	-1	-1	-1	-1	-1	-1	-1	-1	-1	-1	-1	-1	-1	-1	-1	-1	-1	-1	4	1	4	1	3
8335	Lund	1	3	3	3	1	1	3	3	3	2	3	1	3	4	3	2	1	-1	3	1	1	2	3	4	4	3	4	2	2	2	4	1	4	3	3	4	2	4	2	4	1	4	4	2	2	1	2	4	3	2	4	2	1	1	-1	-1	-1	-1	-1	-1	-1	-1	-1	-1	-1	-1	-1	-1	-1	-1	-1	-1	-1	-1	4	1	4	3	3
8239	Köln	1	2	2	2	2	2	2	2	3	2	3	1	3	4	3	2	1	-1	3	1	1	2	3	-1	-1	-1	-1	-1	-1	-1	-1	-1	-1	-1	-1	-1	-1	-1	-1	4	1	4	4	2	2	1	2	4	3	2	4	2	1	1	-1	-1	-1	-1	-1	-1	-1	-1	-1	-1	-1	-1	-1	-1	-1	-1	-1	-1	-1	-1	4	1	4	1	3
8246	NC-6	1	3	3	3	1	1	3	3	3	2	3	1	3	4	3	2	1	-1	3	1	1	2	3	4	4	3	4	2	2	2	4	1	4	3	3	4	2	4	2	4	1	4	4	2	2	1	2	4	3	2	4	2	1	1	-1	-1	-1	-1	-1	-1	-1	-1	-1	-1	-1	-1	-1	-1	-1	-1	-1	-1	-1	-1	4	1	4	1	3
8249	Vimmerby	1	3	3	3	1	1	3	3	3	2	3	1	3	4	3	2	1	-1	3	1	1	2	3	4	4	3	4	2	2	2	4	1	4	3	3	4	2	4	2	4	1	4	4	2	2	1	2	4	3	2	4	2	1	1	-1	-1	-1	-1	-1	-1	-1	-1	-1	-1	-1	-1	-1	-1	-1	-1	-1	-1	-1	-1	4	1	4	3	3
6957	Pu-2-8	1	3	3	3	1	1	3	3	3	2	3	1	3	4	3	2	1	-1	3	1	1	2	3	4	4	3	4	2	2	2	4	1	4	3	3	4	2	4	2	4	1	4	4	2	2	1	2	4	3	2	4	2	1	1	-1	-1	-1	-1	-1	-1	-1	-1	-1	-1	-1	-1	-1	-1	-1	-1	-1	-1	-1	-1	4	1	4	3	3
8233	Dem-4	1	3	3	3	1	1	3	3	3	2	3	1	3	4	3	2	1	-1	3	1	1	2	3	4	4	3	4	2	2	2	4	1	4	3	3	4	2	4	2	4	1	4	4	2	2	1	2	4	3	2	4	2	1	1	-1	-1	-1	-1	-1	-1	-1	-1	-1	-1	-1	-1	-1	-1	-1	-1	-1	-1	-1	-1	4	1	4	0	0
6830	Kz-13	1	3	3	3	1	1	3	3	3	2	3	1	3	4	3	2	1	-1	3	1	1	2	3	4	4	3	4	2	2	2	4	1	4	3	3	4	2	4	2	4	1	4	4	2	2	1	2	4	3	2	4	2	1	1	-1	-1	-1	-1	-1	-1	-1	-1	-1	-1	-1	-1	-1	-1	-1	-1	-1	-1	-1	-1	4	1	4	3	3
6709	Bg-2	1	3	3	3	1	1	3	3	3	2	3	1	3	4	3	2	1	-1	3	1	1	2	3	4	4	3	4	2	2	2	4	1	4	3	3	4	2	4	2	4	1	4	4	2	2	1	2	4	3	2	4	2	1	1	-1	-1	-1	-1	-1	-1	-1	-1	-1	-1	-1	-1	-1	-1	-1	-1	-1	-1	-1	-1	2	1	4	1	3
8380	Sf-1	1	3	3	3	1	1	3	3	3	2	3	1	3	4	3	2	1	-1	3	1	1	2	3	4	4	3	4	2	2	2	4	1	4	3	3	4	2	4	2	4	1	4	4	2	2	1	2	4	3	2	4	2	1	1	-1	-1	-1	-1	-1	-1	-1	-1	-1	-1	-1	-1	-1	-1	-1	-1	-1	-1	-1	-1	4	1	4	1	3
8290	En-1	1	3	3	3	1	1	3	3	3	2	3	1	3	4	3	2	1	-1	3	1	1	2	3	4	4	3	4	2	2	2	4	1	4	3	3	4	2	4	2	4	1	4	4	2	2	1	2	4	3	2	4	2	1	1	-1	-1	-1	-1	-1	-1	-1	-1	-1	-1	-1	-1	-1	-1	-1	-1	-1	-1	-1	-1	4	1	4	3	3
8300	Gr-1	1	3	3	3	1	1	3	3	3	2	3	1	3	4	3	2	1	-1	3	1	1	2	3	4	4	3	4	2	2	2	4	1	4	3	3	4	2	4	2	4	1	4	4	2	2	1	2	4	3	2	4	2	1	1	-1	-1	-1	-1	-1	-1	-1	-1	-1	-1	-1	-1	-1	-1	-1	-1	-1	-1	-1	-1	4	1	4	3	3
8254	Ang-0	1	3	3	3	1	1	3	3	3	2	3	1	3	4	3	2	1	-1	3	1	1	2	3	4	4	3	4	2	2	2	4	1	4	3	3	4	2	4	2	4	1	4	4	2	2	1	2	4	3	2	4	2	1	1	-1	-1	-1	-1	-1	-1	-1	-1	-1	-1	-1	-1	-1	-1	-1	-1	-1	-1	-1	-1	4	1	4	3	3
8244	N6034	1	3	3	3	1	1	3	3	3	2	3	1	3	4	3	0	1	-1	3	1	1	2	3	4	4	3	4	2	2	2	4	1	4	3	3	0	0	0	0	0	0	0	0	0	0	0	0	0	0	0	0	0	0	0	0	0	0	0	0	0	0	0	0	0	0	0	0	0	0	0	0	0	0	0	0	0	0	0	0
8271	Bu-0	1	3	3	3	1	1	3	3	3	2	3	1	3	4	3	2	1	-1	3	1	1	2	3	-1	-1	-1	-1	-1	-1	-1	-1	-1	-1	-1	-1	-1	-1	-1	-1	4	1	4	4	2	2	1	2	4	3	2	4	2	1	1	-1	-1	-1	-1	-1	-1	-1	-1	-1	-1	-1	-1	-1	-1	-1	-1	-1	-1	-1	-1	4	1	4	1	3
8296	Gd-1	1	3	3	3	1	1	3	3	3	2	3	1	3	4	3	2	1	-1	3	1	1	2	3	-1	-1	-1	-1	-1	-1	-1	-1	-1	-1	-1	-1	-1	-1	-1	-1	4	1	4	4	2	2	1	2	4	3	2	4	2	1	1	-1	-1	-1	-1	-1	-1	-1	-1	-1	-1	-1	-1	-1	-1	-1	-1	-1	-1	-1	-1	4	1	4	1	3
8304	Hi-0	0	0	0	0	0	0	0	0	0	0	0	0	0	0	0	0	0	0	0	0	0	0	0	0	0	0	0	0	0	0	0	0	0	0	0	0	0	0	0	0	0	0	0	0	0	0	0	0	0	0	0	0	0	0	0	0	0	0	0	0	0	0	0	0	0	0	0	0	0	0	0	0	0	0	0	0	0	0	0
8310	Hs-0	1	3	3	3	1	1	3	3	3	2	3	1	3	4	3	2	1	-1	3	1	1	2	3	-1	-1	-1	-1	-1	-1	-1	-1	-1	-1	-1	-1	-1	-1	-1	-1	4	1	4	4	2	2	1	2	4	3	2	4	2	1	1	-1	-1	-1	-1	-1	-1	-1	-1	-1	-1	-1	-1	-1	-1	-1	-1	-1	-1	-1	-1	4	1	4	0	0
8312	Is-0	1	3	3	3	1	1	3	3	3	2	3	1	3	4	3	2	1	-1	3	1	1	2	3	4	4	3	4	2	2	2	4	1	4	3	3	4	2	4	2	4	1	4	4	2	2	1	2	4	3	2	4	2	1	1	-1	-1	-1	-1	-1	-1	-1	-1	-1	-1	-1	-1	-1	-1	-1	-1	-1	-1	-1	-1	4	1	4	3	3
8313	Jm-0	1	3	3	3	1	1	3	3	3	2	3	1	3	4	3	2	1	-1	3	1	1	2	3	4	4	3	4	2	2	2	4	1	4	3	3	4	2	4	2	4	1	4	4	2	2	1	2	4	3	2	4	2	1	4	-1	-1	-1	-1	-1	-1	-1	-1	-1	-1	-1	-1	-1	-1	-1	-1	-1	-1	-1	-1	4	1	4	3	3
8314	Ka-0	1	3	3	3	1	1	3	3	3	2	3	1	3	4	3	2	1	-1	3	1	1	2	3	4	4	3	4	2	2	2	4	1	4	3	3	4	2	4	2	4	1	4	4	2	2	1	2	4	3	2	4	2	1	1	-1	-1	-1	-1	-1	-1	-1	-1	-1	-1	-1	-1	-1	-1	-1	-1	-1	-1	-1	-1	4	1	4	3	3
8411	Rd-0	1	3	3	3	1	1	3	3	3	2	3	1	3	4	3	2	1	-1	3	1	1	2	3	-1	-1	-1	-1	-1	-1	-1	-1	-1	-1	-1	-1	-1	-1	-1	-1	4	1	4	4	2	2	1	2	4	3	2	4	2	1	1	-1	-1	-1	-1	-1	-1	-1	-1	-1	-1	-1	-1	-1	-1	-1	-1	-1	-1	-1	-1	4	0	0	0	0
8243	N6002	1	3	3	3	1	1	3	3	3	2	3	1	3	4	3	2	1	-1	3	1	1	2	3	4	4	3	4	2	2	2	4	1	4	3	3	4	2	4	2	4	1	4	4	2	2	1	2	4	3	2	4	2	1	1	-1	-1	-1	-1	-1	-1	-1	-1	-1	-1	-1	-1	-1	-1	-1	-1	-1	-1	-1	-1	4	0	0	0	0
8245	N6187	1	3	3	3	1	1	3	3	3	2	3	1	3	4	3	2	3	4	3	1	1	2	3	4	4	3	4	2	2	2	4	1	4	3	3	4	2	4	2	4	1	4	4	2	2	1	2	4	3	2	4	2	1	1	-1	-1	-1	-1	-1	-1	-1	-1	-1	-1	-1	-1	-1	-1	-1	-1	-1	-1	-1	-1	4	0	0	0	0
8252	Alc-0	1	3	3	3	1	1	3	3	3	2	3	1	3	4	3	2	1	-1	3	1	1	2	3	4	4	3	4	2	2	2	4	1	4	3	3	4	2	4	2	4	1	4	4	2	2	1	2	4	3	2	4	2	1	1	-1	-1	-1	-1	-1	-1	-1	-1	-1	-1	-1	-1	-1	-1	-1	-1	-1	-1	-1	-1	4	0	0	0	0
8264	Bla-1	1	3	3	3	1	1	3	3	3	2	3	1	3	4	3	2	1	-1	3	1	1	2	3	4	4	3	4	2	2	2	4	1	4	3	3	4	2	4	2	4	1	4	4	2	2	1	2	4	3	2	4	2	1	1	-1	-1	-1	-1	-1	-1	-1	-1	-1	-1	-1	-1	-1	-1	-1	-1	-1	-1	-1	-1	4	0	0	0	0
8265	Blh-1	1	3	3	3	1	1	3	3	0	0	0	0	0	0	0	0	0	0	3	1	1	2	3	-1	-1	-1	-1	-1	-1	-1	-1	-1	-1	-1	-1	-1	-1	-1	-1	4	1	4	4	2	2	1	2	4	3	2	4	2	1	1	-1	-1	-1	-1	-1	-1	-1	-1	-1	-1	-1	-1	-1	-1	-1	-1	-1	-1	-1	-1	4	1	4	1	3
8270	Bs-1	1	3	3	3	1	1	3	3	3	2	3	1	3	4	3	2	1	-1	3	1	1	2	3	4	4	3	4	2	2	2	4	1	4	3	3	4	2	4	2	4	1	4	4	2	2	1	2	4	3	2	4	2	1	1	-1	-1	-1	-1	-1	-1	-1	-1	-1	-1	-1	-1	-1	-1	-1	-1	-1	-1	-1	-1	4	1	4	3	3
8274	Can-0	1	3	3	3	1	1	3	3	3	2	3	1	3	4	3	2	1	-1	3	1	1	2	3	4	4	3	4	2	2	2	4	1	4	3	3	4	2	4	2	4	1	4	4	2	2	1	2	4	3	2	4	2	1	1	-1	-1	-1	-1	-1	-1	-1	-1	-1	-1	-1	-1	-1	-1	-1	-1	-1	-1	-1	-1	4	0	0	0	0
8275	Cen-0	1	3	3	3	1	1	3	3	3	2	3	1	3	4	3	2	1	-1	3	1	1	2	3	4	4	3	4	2	2	2	4	1	4	3	3	4	2	4	2	4	1	4	4	2	2	1	2	4	3	2	4	2	1	1	-1	-1	-1	-1	-1	-1	-1	-1	-1	-1	-1	-1	-1	-1	-1	-1	-1	-1	-1	-1	4	1	4	3	3
8278	Co	1	3	3	3	1	1	3	3	3	2	3	1	3	4	3	2	1	-1	3	1	1	2	3	4	4	3	4	2	2	2	4	1	4	3	3	4	2	4	2	4	1	4	4	2	2	1	2	4	2	2	4	2	1	1	-1	-1	-1	-1	-1	-1	-1	-1	-1	-1	-1	-1	-1	-1	-1	-1	-1	-1	-1	-1	4	1	4	3	3
8297	Ge-0	1	3	3	3	1	1	3	3	3	2	3	1	3	4	3	2	1	-1	3	1	1	2	3	4	4	3	4	2	2	2	4	1	4	3	3	4	2	4	2	4	1	4	4	2	2	1	2	4	3	2	4	2	1	1	-1	-1	-1	-1	-1	-1	-1	-1	-1	-1	-1	-1	-1	-1	-1	-1	-1	-1	-1	-1	4	0	0	0	0
8303	H55	1	3	3	3	1	1	3	3	3	2	3	1	3	4	3	2	1	-1	3	1	1	2	3	-1	-1	-1	-1	-1	-1	-1	-1	-1	-1	-1	-1	-1	-1	-1	-1	4	1	4	4	2	2	1	2	4	3	2	4	2	1	1	-1	-1	-1	-1	-1	-1	-1	-1	-1	-1	-1	-1	-1	-1	-1	-1	-1	-1	-1	-1	4	0	0	0	0
8311	In-0	1	3	3	3	1	1	3	3	3	2	3	1	3	4	3	2	1	-1	3	1	1	2	3	4	4	3	4	2	2	2	4	1	4	3	3	4	2	4	2	4	1	4	4	2	2	1	2	4	3	2	4	2	1	1	-1	-1	-1	-1	-1	-1	-1	-1	-1	-1	-1	-1	-1	-1	-1	-1	-1	-1	-1	-1	4	1	4	0	0
8323	Lc-0	1	3	3	3	1	1	3	3	3	2	3	1	3	4	3	2	1	-1	3	1	1	2	3	4	4	3	4	2	2	2	4	1	4	3	3	4	2	4	2	4	1	4	4	2	2	1	2	4	3	2	4	2	1	1	-1	-1	-1	-1	-1	-1	-1	-1	-1	-1	-1	-1	-1	-1	-1	-1	-1	-1	-1	-1	4	1	4	3	3
8325	Lip-0	0	0	0	0	0	0	0	0	0	0	0	0	0	0	0	0	0	0	0	1	1	2	3	4	4	3	4	2	2	2	4	1	4	3	3	4	2	4	2	4	1	4	4	2	2	1	2	4	3	2	4	2	1	1	-1	-1	-1	-1	-1	-1	-1	-1	-1	-1	-1	-1	-1	-1	-1	-1	-1	-1	-1	-1	4	1	4	3	3
8329	Lm-2	1	3	3	3	1	1	3	3	3	2	3	1	3	4	3	2	1	-1	3	1	1	2	3	4	4	3	4	2	2	2	4	1	4	3	3	4	2	4	2	4	1	4	4	2	2	1	2	4	3	2	4	2	1	1	-1	-1	-1	-1	-1	-1	-1	-1	-1	-1	-1	-1	-1	-1	-1	-1	-1	-1	-1	-1	4	0	0	0	0
8334	Lu-1	0	0	0	0	0	0	0	0	0	0	0	0	0	0	0	0	0	0	0	0	0	0	0	0	0	0	0	0	0	0	0	0	0	0	0	0	0	0	0	0	0	0	0	0	0	0	0	0	0	0	0	0	0	0	0	0	0	0	0	0	0	0	0	0	0	0	0	0	0	0	0	0	0	0	0	0	0	3	3
8337	Mir-0	1	3	3	3	1	1	3	3	3	2	3	1	3	4	3	2	1	-1	3	1	1	2	3	4	4	3	4	2	2	2	4	1	4	3	3	4	2	4	2	4	1	4	4	2	2	1	2	4	3	2	4	2	1	0	0	0	0	0	0	0	0	0	0	0	0	0	0	0	0	0	0	0	0	0	0	0	0	0	0
8343	Na-1	1	3	3	3	1	1	3	3	3	2	3	1	3	4	3	2	1	-1	3	1	1	2	3	4	4	3	4	2	2	2	4	1	4	3	3	4	2	4	2	4	1	4	4	0	2	1	2	4	3	0	0	0	0	0	0	0	0	0	0	0	0	0	0	0	0	0	0	0	0	0	0	0	0	0	0	0	0	0	0
8348	Nw-0	1	3	3	3	1	1	3	3	3	2	3	1	3	4	3	2	1	-1	3	1	1	2	3	-1	-1	-1	-1	-1	-1	-1	-1	-1	-1	-1	-1	-1	-1	-1	-1	4	1	4	4	2	2	1	2	4	3	2	4	2	1	1	-1	-1	-1	-1	-1	-1	-1	-1	-1	-1	-1	-1	-1	-1	-1	-1	-1	-1	-1	-1	4	0	0	0	0
8351	Ost-0	1	3	3	3	1	1	3	3	3	2	3	1	3	4	3	2	1	-1	3	1	1	2	3	4	4	3	4	2	2	2	4	1	4	3	3	4	2	4	2	4	1	4	4	2	2	1	2	4	3	2	4	2	1	1	-1	-1	-1	-1	-1	-1	-1	-1	-1	-1	-1	-1	-1	-1	-1	-1	-1	-1	-1	-1	4	3	4	3	3
8353	Pa-1	0	0	0	0	0	0	0	0	0	0	0	0	0	0	0	0	0	0	0	0	0	0	3	4	4	3	4	2	2	2	4	1	4	3	3	4	2	4	2	4	1	4	4	2	2	1	2	4	3	2	4	2	1	1	-1	-1	-1	-1	-1	-1	-1	-1	-1	-1	-1	-1	-1	-1	-1	-1	-1	-1	-1	-1	4	1	4	3	3
8354	Per-1	1	3	3	3	1	1	3	3	3	2	3	1	3	4	3	2	1	-1	3	1	1	2	3	4	4	3	4	2	2	2	4	1	4	3	3	4	2	4	2	4	1	4	4	2	2	1	2	4	3	2	4	2	1	1	-1	-1	-1	-1	-1	-1	-1	-1	-1	-1	-1	-1	-1	-1	-1	-1	-1	-1	-1	-1	4	1	4	3	3
8355	Petergof	1	3	3	3	1	1	3	3	3	2	3	1	3	4	3	2	1	-1	3	1	1	2	3	4	4	3	4	2	2	2	4	1	4	3	3	4	2	4	2	0	0	0	0	0	0	0	0	0	0	0	0	0	0	0	0	0	0	0	0	0	0	0	0	0	0	0	0	0	0	0	0	0	0	0	0	0	0	0	0
8356	Pi-0	0	0	0	0	0	0	0	0	3	2	3	1	3	0	0	0	0	0	0	0	0	0	0	0	0	0	0	0	0	0	0	0	0	0	0	0	0	0	0	0	0	0	0	0	0	0	0	0	0	0	0	0	0	0	0	0	0	0	0	0	0	0	0	0	0	0	0	0	0	0	0	0	0	0	0	0	0	0	0
8357	Pla-0	1	3	3	3	1	1	3	3	3	2	3	1	3	4	3	2	1	-1	3	1	1	2	3	4	4	3	4	2	2	2	4	1	4	3	3	4	2	4	2	4	1	4	4	2	2	1	2	4	3	2	4	2	1	1	-1	-1	-1	-1	-1	-1	-1	-1	-1	-1	-1	-1	-1	-1	-1	-1	-1	-1	-1	-1	4	0	0	0	0
8365	Rak-2	1	3	3	3	1	1	3	3	3	2	3	1	3	4	3	2	1	-1	3	1	1	2	3	4	4	3	4	2	2	2	4	1	4	3	3	4	2	4	2	4	1	4	4	2	2	1	2	4	3	2	4	2	1	1	-1	-1	-1	-1	-1	-1	-1	-1	-1	-1	-1	-1	-1	-1	-1	-1	-1	-1	-1	-1	4	0	0	0	0
8375	Rubezhnoe-1	1	3	3	3	1	1	3	3	3	2	3	1	3	4	3	2	1	-1	3	1	1	2	3	4	4	3	4	2	2	2	4	1	4	3	3	4	2	4	2	0	0	0	0	0	0	0	0	0	0	0	0	0	0	0	0	0	0	0	0	0	0	0	0	0	0	0	0	0	0	0	0	0	0	0	0	1	4	3	3
8377	Santa Clara	1	3	3	3	1	1	3	3	3	2	3	1	3	4	3	2	1	-1	3	1	1	2	3	4	4	3	4	2	2	2	4	1	4	3	3	4	2	4	2	4	1	4	4	2	2	1	2	4	3	2	4	2	1	1	-1	-1	-1	-1	-1	-1	-1	-1	-1	-1	-1	-1	-1	-1	-1	-1	-1	-1	-1	-1	4	0	0	3	3
8378	Sap-0	1	3	3	3	1	1	3	3	3	2	3	1	3	4	3	2	1	-1	3	1	1	2	3	4	4	3	4	2	2	2	4	1	4	3	3	4	2	4	2	4	1	4	4	2	2	1	2	4	3	2	4	2	1	1	-1	-1	-1	-1	-1	-1	-1	-1	-1	-1	-1	-1	-1	-1	-1	-1	-1	-1	-1	-1	4	1	4	3	3
8387	St-0	1	3	3	3	1	1	3	3	3	2	3	1	3	4	3	2	1	-1	3	1	1	2	3	4	4	3	4	2	2	2	4	1	4	3	3	4	2	4	2	4	1	4	4	2	2	1	2	4	3	2	4	2	1	1	-1	-1	-1	-1	-1	-1	-1	-1	-1	-1	-1	-1	-1	-1	-1	-1	-1	-1	-1	-1	4	1	4	1	3
8388	Stw-0	1	3	3	3	1	1	3	3	3	2	3	1	3	4	3	2	1	-1	3	1	1	2	3	4	4	3	4	2	2	2	4	1	4	3	3	4	2	4	2	4	1	4	4	2	2	1	2	4	3	2	4	2	1	1	-1	-1	-1	-1	-1	-1	-1	-1	-1	-1	-1	-1	-1	-1	-1	-1	-1	-1	-1	-1	4	1	4	3	3
8389	Ta-0	0	0	0	0	0	0	0	0	0	0	0	0	0	0	0	0	0	0	0	0	0	0	0	0	0	0	0	0	0	0	0	0	0	0	0	0	0	0	0	0	0	0	0	0	0	0	0	0	0	2	4	2	1	1	-1	-1	-1	-1	-1	-1	-1	-1	-1	-1	-1	-1	-1	-1	-1	-1	-1	-1	-1	-1	4	1	4	3	3
8395	Tu-0	1	3	3	3	1	1	3	3	3	2	3	1	3	4	3	2	1	-1	3	1	1	2	3	4	4	3	4	2	2	2	4	1	4	3	3	4	2	4	2	4	1	4	4	2	2	1	2	4	3	2	4	2	1	1	-1	-1	-1	-1	-1	-1	-1	-1	-1	-1	-1	-1	-1	-1	-1	-1	-1	-1	-1	-1	4	0	0	0	0
6024	Fly-2-2	1	3	3	3	1	1	3	3	3	2	3	1	3	4	3	2	1	-1	3	1	1	2	3	4	4	3	4	2	2	2	4	1	4	3	3	4	2	4	2	4	1	4	4	2	2	1	2	4	3	2	4	2	1	1	-1	-1	-1	-1	-1	-1	-1	-1	-1	-1	-1	-1	-1	-1	-1	-1	-1	-1	-1	-1	4	0	0	0	0
8369	Rev-1	1	3	3	3	1	1	3	3	3	2	3	1	3	4	3	2	1	-1	3	1	1	2	3	4	4	3	4	2	2	2	4	1	4	3	3	4	2	4	2	4	1	4	4	2	2	1	2	4	3	2	4	2	1	1	-1	-1	-1	-1	-1	-1	-1	-1	-1	-1	-1	-1	-1	-1	-1	-1	-1	-1	-1	-1	4	1	4	1	3
8306	Hov-4-1	1	3	3	3	1	1	3	3	3	2	3	1	3	4	3	2	1	-1	3	1	1	2	3	4	4	3	4	2	2	2	4	1	4	3	3	4	2	4	2	4	1	4	4	2	2	1	2	4	3	2	4	2	1	1	-1	-1	-1	-1	-1	-1	-1	-1	-1	-1	-1	-1	-1	-1	-1	-1	-1	-1	-1	-1	4	1	4	3	3
8247	San-2	1	3	3	3	1	1	3	3	3	2	3	1	3	4	3	2	1	-1	3	1	1	2	3	4	4	3	4	2	2	2	4	1	4	3	3	4	2	4	2	4	1	4	4	2	2	1	2	4	3	2	4	2	1	1	-1	-1	-1	-1	-1	-1	-1	-1	-1	-1	-1	-1	-1	-1	-1	-1	-1	-1	-1	-1	4	1	4	3	3
8266	Boo-2-1	1	3	3	3	1	1	3	3	3	2	3	1	3	4	3	2	1	-1	3	1	1	2	3	4	4	3	4	2	2	2	4	1	4	3	3	4	2	4	2	4	1	4	4	2	2	1	2	4	3	2	4	2	1	1	-1	-1	-1	-1	-1	-1	-1	-1	-1	-1	-1	-1	-1	-1	-1	-1	-1	-1	-1	-1	4	1	4	3	3
6042	Lom-1-1	0	0	0	0	0	0	0	0	0	0	0	0	0	0	0	2	1	-1	3	1	1	2	3	4	4	3	4	2	2	2	4	1	4	3	3	4	2	4	2	4	1	4	4	2	2	1	2	4	3	2	4	2	1	1	-1	-1	-1	-1	-1	-1	-1	-1	-1	-1	-1	-1	-1	-1	-1	-1	-1	-1	-1	-1	4	1	4	3	3
8282	Di-0	0	0	0	0	0	0	0	0	0	0	0	0	0	0	0	0	0	0	0	0	1	2	3	4	4	3	4	2	2	2	4	1	4	3	3	4	2	4	2	4	1	4	4	2	2	1	2	4	3	2	4	2	0	1	0	0	0	0	0	0	0	0	0	0	0	0	0	0	0	0	0	0	0	0	0	1	4	3	0
8242	Lillö-1	1	3	3	3	1	1	3	3	3	2	3	1	3	4	3	2	1	-1	3	1	1	2	3	4	4	3	4	2	2	2	4	1	4	3	3	4	2	4	2	4	1	4	4	2	2	1	2	4	3	2	4	2	1	1	-1	-1	-1	-1	-1	-1	-1	-1	-1	-1	-1	-1	-1	-1	-1	-1	-1	-1	-1	-1	4	1	4	1	3
8231	Brö-1-6	1	3	3	3	1	1	3	3	3	2	3	1	3	4	3	2	1	-1	3	1	1	2	3	4	4	3	4	2	2	2	4	1	4	3	3	4	2	4	2	4	1	4	4	2	2	1	2	4	3	2	4	2	1	1	-1	-1	-1	-1	-1	-1	-1	-1	-1	-1	-1	-1	-1	-1	-1	-1	-1	-1	-1	-1	4	3	4	3	3
8255	App-1-4	1	3	3	3	1	1	3	3	3	2	3	1	3	4	3	2	1	-1	3	1	1	2	3	4	4	3	4	2	2	2	4	1	4	3	3	4	2	4	2	4	1	4	4	2	2	1	2	4	3	2	4	2	1	1	-1	-1	-1	-1	-1	-1	-1	-1	-1	-1	-1	-1	-1	-1	-1	-1	-1	-1	-1	-1	4	1	4	3	3
8234	Gul-1-2	1	3	3	3	1	1	3	3	3	2	3	1	3	4	3	2	1	-1	3	1	1	2	3	4	4	3	4	2	2	2	4	1	4	3	3	4	2	4	2	4	1	4	4	2	2	1	2	4	3	2	4	2	1	1	-1	-1	-1	-1	-1	-1	-1	-1	-1	-1	-1	-1	-1	-1	-1	-1	-1	-1	-1	-1	4	1	4	6	3
8256	Bå-1-2	1	3	3	3	1	1	3	3	3	2	3	1	3	3	3	2	1	-1	3	1	3	2	3	4	4	3	4	2	2	2	4	1	4	3	3	4	2	4	2	4	1	4	4	2	2	1	2	4	3	2	4	2	1	1	-1	-1	-1	-1	-1	-1	-1	-1	-1	-1	-1	-1	-1	-1	-1	-1	-1	-1	-1	-1	4	3	4	3	3
8257	Bå-3-3	1	3	3	3	1	1	3	3	3	2	3	1	3	4	3	2	1	-1	3	1	1	2	3	4	4	3	4	2	2	2	4	1	4	3	3	4	2	4	2	4	1	4	4	2	2	1	2	4	3	2	4	2	1	1	-1	-1	-1	-1	-1	-1	-1	-1	-1	-1	-1	-1	-1	-1	-1	-1	-1	-1	-1	-1	4	3	4	3	3
8258	Bå-4-1	1	3	3	3	1	1	3	3	3	2	3	1	3	3	3	2	1	-1	3	1	3	2	3	4	4	3	4	2	2	2	4	1	4	3	3	4	2	4	2	4	1	4	4	2	2	1	2	4	3	2	4	2	1	1	-1	-1	-1	-1	-1	-1	-1	-1	-1	-1	-1	-1	-1	-1	-1	-1	-1	-1	-1	-1	4	3	4	3	3
8259	Bå-5-1	1	3	3	3	1	1	3	3	3	2	3	1	3	3	3	2	1	-1	3	1	3	2	3	4	4	3	4	2	2	2	4	1	4	3	3	4	2	4	2	4	1	4	4	2	2	1	2	4	3	2	4	2	1	1	-1	-1	-1	-1	-1	-1	-1	-1	-1	-1	-1	-1	-1	-1	-1	-1	-1	-1	-1	-1	4	3	4	3	3
8283	Dra-3-1	1	3	3	3	1	1	3	3	3	2	3	1	3	4	3	2	1	-1	3	1	1	2	3	4	4	3	4	2	2	2	4	1	4	3	3	4	2	4	2	4	1	4	4	2	2	1	2	4	3	2	4	2	1	1	-1	-1	-1	-1	-1	-1	-1	-1	-1	-1	-1	-1	-1	-1	-1	-1	-1	-1	-1	-1	4	1	4	3	3
6040	Kni-1	1	3	3	3	1	1	3	3	3	2	3	1	3	4	3	2	1	-1	3	1	1	2	3	4	4	3	4	2	2	2	4	1	4	3	3	4	2	4	2	4	1	4	4	2	2	1	2	4	3	2	4	2	1	1	-1	-1	-1	-1	-1	-1	-1	-1	-1	-1	-1	-1	-1	-1	-1	-1	-1	-1	-1	-1	4	1	4	1	3
6088	Stu-1-1	1	3	3	3	1	1	3	3	3	2	3	1	3	4	3	2	1	-1	3	1	1	2	3	4	4	3	4	2	2	2	4	1	4	3	3	4	2	4	2	4	1	4	4	2	2	1	2	4	3	2	4	2	1	1	-1	-1	-1	-1	-1	-1	-1	-1	-1	-1	-1	-1	-1	-1	-1	-1	-1	-1	-1	-1	4	1	0	0	0
6074	Ör-1	1	3	3	3	1	1	3	3	3	2	3	1	3	4	3	2	1	-1	3	1	1	2	3	4	4	3	4	2	2	2	4	1	4	3	3	4	2	4	2	4	1	4	4	2	2	1	2	4	3	2	4	2	1	1	-1	-1	-1	-1	-1	-1	-1	-1	-1	-1	-1	-1	-1	-1	-1	-1	-1	-1	-1	-1	4	3	4	3	3
8326	Lis-1	1	3	3	3	1	1	3	3	3	2	3	1	3	4	3	2	1	-1	3	1	1	2	3	4	4	3	4	2	2	2	4	1	4	3	3	4	2	4	2	4	1	4	4	2	2	1	2	4	3	2	4	2	1	1	-1	-1	-1	-1	-1	-1	-1	-1	-1	-1	-1	-1	-1	-1	-1	-1	-1	-1	-1	-1	4	3	4	3	3
8222	Lis-2	1	3	3	3	1	1	3	3	3	2	3	1	3	4	3	2	1	-1	3	1	1	2	3	4	4	3	4	2	2	2	4	1	4	3	3	4	2	4	2	4	1	4	4	2	2	1	2	4	3	2	4	2	1	1	-1	-1	-1	-1	-1	-1	-1	-1	-1	-1	-1	-1	-1	-1	-1	-1	-1	-1	-1	-1	4	1	4	3	3
8327	Lis-5	1	3	3	3	1	1	3	3	3	2	3	3	3	4	3	2	1	-1	3	1	1	2	3	4	4	3	4	2	2	2	4	1	4	3	3	4	2	4	2	4	1	4	4	2	2	1	2	4	3	2	4	2	1	1	-1	-1	-1	-1	-1	-1	-1	-1	-1	-1	-1	-1	-1	-1	-1	-1	-1	-1	-1	-1	4	1	4	3	3
6039	Hovdala-2	1	3	3	3	1	1	3	3	3	2	3	3	3	4	3	2	1	-1	3	1	1	2	3	4	4	3	4	2	2	2	4	1	4	3	3	4	2	4	2	4	1	4	4	2	2	1	2	4	3	2	4	2	1	1	-1	-1	-1	-1	-1	-1	-1	-1	-1	-1	-1	-1	-1	-1	-1	-1	-1	-1	-1	-1	4	1	4	3	3
8307	Hovdala-6	1	3	3	3	1	1	3	3	3	2	3	1	3	4	3	2	1	-1	3	1	1	2	3	4	4	3	4	2	2	2	4	1	4	3	3	4	2	4	2	4	1	4	4	2	2	1	2	4	3	2	4	2	1	1	-1	-1	-1	-1	-1	-1	-1	-1	-1	-1	-1	-1	-1	-1	-1	-1	-1	-1	-1	-1	4	1	4	3	0
6243	Tottarp-2	1	3	3	3	1	1	3	3	3	2	3	1	3	4	3	2	1	-1	4	1	1	2	3	4	4	3	4	2	2	2	4	1	4	3	3	4	2	4	2	4	1	4	4	2	2	1	2	4	3	2	4	2	1	1	-1	-1	-1	-1	-1	-1	-1	-1	-1	-1	-1	-1	-1	-1	-1	-1	-1	-1	-1	-1	4	0	0	0	0
8241	Liarum	1	3	3	3	1	1	3	3	3	2	3	1	3	4	3	2	1	-1	3	1	1	2	3	4	4	3	4	2	2	2	4	1	4	3	3	4	2	4	2	4	1	4	4	2	2	1	2	4	3	2	4	2	1	1	-1	-1	-1	-1	-1	-1	-1	-1	-1	-1	-1	-1	-1	-1	-1	-1	-1	-1	-1	-1	4	0	0	0	0
8240	Kulturen-1	1	3	3	3	1	1	3	3	3	3	3	1	1	4	2	4	3	-1	3	4	1	2	1	4	4	3	4	2	2	2	4	3	4	3	1	4	4	4	2	-1	-1	-1	-1	-1	-1	-1	-1	-1	3	4	3	1	3	1	3	1	3	4	1	3	1	1	4	4	3	4	1	4	3	4	1	2	2	1	4	0	0	0	0
8237	Kävlinge-1	1	3	3	3	1	1	3	3	3	2	3	1	3	4	3	2	1	-1	3	1	1	2	3	4	4	3	4	2	2	2	4	1	4	3	3	4	2	4	2	4	1	4	4	2	2	1	2	4	3	2	4	2	1	1	-1	-1	-1	-1	-1	-1	-1	-1	-1	-1	-1	-1	-1	-1	-1	-1	-1	-1	-1	-1	4	1	4	3	2
6016	Eds-1	1	3	3	3	1	1	3	3	3	2	3	1	3	4	3	2	1	-1	3	1	1	2	3	4	4	3	4	2	2	2	4	1	4	3	3	4	2	4	2	4	1	4	4	2	2	1	2	4	3	2	4	2	1	1	-1	-1	-1	-1	-1	-1	-1	-1	-1	-1	-1	-1	-1	-1	-1	-1	-1	-1	-1	-1	4	3	4	3	3
6064	Nyl-2	1	3	3	3	1	1	3	3	3	2	3	1	3	4	3	2	1	-1	3	1	1	2	3	4	4	3	4	2	2	2	4	1	4	3	3	4	2	4	2	4	1	4	4	2	2	1	2	4	3	2	4	2	1	1	-1	-1	-1	-1	-1	-1	-1	-1	-1	-1	-1	-1	-1	-1	-1	-1	-1	-1	-1	-1	4	3	4	3	3
8376	Sanna-2	1	3	3	3	1	1	3	3	3	2	3	1	3	4	3	2	1	-1	3	1	1	2	3	4	4	3	4	2	2	2	4	1	4	3	3	4	2	4	2	4	1	4	4	2	2	1	2	4	3	2	4	2	1	1	-1	-1	-1	-1	-1	-1	-1	-1	-1	-1	-1	-1	-1	-1	-1	-1	-1	-1	-1	-1	4	0	0	0	0
8386	Sr:5	1	3	3	3	1	1	3	3	3	2	3	1	3	4	3	2	1	-1	3	1	1	2	3	4	4	3	4	2	2	2	4	1	4	3	3	4	2	4	2	4	1	4	4	2	2	1	2	4	3	2	4	2	1	1	-1	-1	-1	-1	-1	-1	-1	-1	-1	-1	-1	-1	-1	-1	-1	-1	-1	-1	-1	-1	4	0	0	0	0
6008	Duk	0	0	0	0	0	0	0	0	0	0	0	0	0	0	0	0	0	0	0	0	0	0	0	0	0	0	0	0	0	0	0	0	0	0	0	0	0	0	0	0	0	0	0	0	0	0	0	0	0	0	0	0	0	0	0	0	0	0	0	0	0	0	0	0	0	0	0	0	0	0	0	0	0	0	0	0	0	0	0
8235	Hod	0	0	0	0	0	0	0	0	0	0	0	0	0	0	0	0	0	0	0	0	0	0	0	0	0	0	0	0	0	0	0	0	0	0	0	0	0	0	0	0	0	0	0	0	0	0	0	0	0	0	0	0	0	0	0	0	0	0	0	0	0	0	0	0	0	0	0	0	0	0	0	0	0	0	0	0	4	0	0
8236	HSm	1	3	3	3	1	1	3	3	3	2	3	1	3	4	3	2	1	-1	3	1	1	2	3	4	4	3	4	2	2	2	4	1	4	3	3	4	2	4	2	4	1	4	4	2	2	1	2	4	3	2	4	2	1	1	-1	-1	-1	-1	-1	-1	-1	-1	-1	-1	-1	-1	-1	-1	-1	-1	-1	-1	-1	-1	4	1	4	3	3
8284	DraII-1	1	3	3	3	1	1	3	3	3	2	3	1	3	4	3	2	1	-1	3	1	1	2	3	4	4	3	4	2	2	2	4	1	4	3	3	4	2	4	2	4	1	4	4	2	2	1	2	4	3	2	4	2	1	1	-1	-1	-1	-1	-1	-1	-1	-1	-1	-1	-1	-1	-1	-1	-1	-1	-1	-1	-1	-1	4	1	4	3	3
8285	DraIII-1	1	3	3	3	1	1	3	3	3	2	3	1	3	4	3	2	1	-1	3	1	1	2	3	4	4	3	4	2	2	2	4	1	4	3	3	4	2	4	2	4	1	4	4	2	2	1	2	4	3	2	4	2	1	1	-1	-1	-1	-1	-1	-1	-1	-1	-1	-1	-1	-1	-1	-1	-1	-1	-1	-1	-1	-1	2	1	4	1	3
8305	Hov-2-2	1	3	3	3	1	1	3	3	3	2	3	1	3	4	3	2	1	-1	3	1	1	2	3	4	4	3	4	2	2	2	4	1	4	3	3	4	2	4	2	4	1	4	4	2	2	1	2	4	3	2	4	2	1	1	-1	-1	-1	-1	-1	-1	-1	-1	-1	-1	-1	-1	-1	-1	-1	-1	-1	-1	-1	-1	4	1	4	3	3
8419	Will	1	3	3	3	1	1	3	3	3	2	3	1	3	4	3	2	1	-1	4	1	1	2	3	4	4	3	4	2	2	2	4	1	4	3	3	4	2	4	2	4	1	4	4	2	2	1	2	4	3	2	4	2	1	1	-1	-1	-1	-1	-1	-1	-1	-1	-1	-1	-1	-1	-1	-1	-1	-1	-1	-1	-1	-1	4	0	0	0	0
