name	Ler(2)/Col(3)	4_268809_0	4_269962_8
67	Ag-0	1	1
315	Alc-0	1	1
291	Algutsrum	1	1
63	An-1	1	1
303	Ang-0	1	1
355	App1-4	2	1
357	Bå1-2	1	1
358	Bå3-3	1	1
359	Bå4-1	1	1
360	Bå5-1	1	1
70	Bay-0	2	1
299	Bg-2	1	1
15	Bil-5	1	1
16	Bil-7	1	1
316	Bla-1	1	1
317	Blh-1	1	2
350	Boo2-1	1	1
27	Bor-1	1	1
28	Bor-4	1	1
65	Br-0	1	1
354	Brö1-6	1	1
318	Bs-1	2	1
305	Bu-0	1	2
93	Bur-0	1	1
57	C24	1	1
319	Can-0	1	1
320	Cen-0	1	1
40	CIBC-17	1	1
39	CIBC-5	1	1
321	Co	1	1
62	Col-0	1	2
58	N13	1	1
76	Ct-1	2	1
51	Cvi-0	1	1
297	Dem-4	1	1
352	Di-0	1	1
361	Dra3-1	1	1
381	DraII-1	1	1
382	DraIII-1	1	1
378	Duk	2	1
9	Eden-1	1	1
10	Eden-2	1	1
94	Edi-0	1	1
374	Eds-1	1	1
53	Ei-2	1	1
301	En-1	2	1
66	Est-1	1	2
13	Fäb-2	1	1
14	Fäb-4	1	1
82	Fei-0	1	1
346	Fly2-2	1	1
71	Ga-0	2	1
306	Gd-1	1	2
322	Ge-0	1	1
46	Got-22	1	1
45	Got-7	1	1
302	Gr-1	2	1
54	Gu-0	1	2
356	Gul1-2	1	1
68	Gy-0	1	1
323	H55	1	2
307	Hi-0	2	1
379	Hod	1	1
348	Hov4-1	1	1
368	Hovdala-2	1	1
369	Hovdala-6	1	1
34	HR-10	1	1
33	HR-5	1	1
308	Hs-0	1	2
380	HSm	1	1
309	Is-0	2	1
310	Jm-0	2	1
311	Ka-0	2	1
75	Kas-2	1	1
373	Kävlinge-1	1	1
289	Kent	2	1
91	Kin-0	1	1
362	Kni-1	1	1
3	Kno-10	1	1
4	Kno-18	1	1
293	Köln	1	2
88	Kondara	1	1
43	Kz-1	1	1
298	Kz-13	1	1
44	Kz-9	1	1
325	Lc-0	1	1
55	Ler-1	2	1
87	LL-0	1	1
371	Liarum	1	1
353	Lillö-1	1	1
326	Lip-0	1	1
365	Lis-1	1	1
366	Lis-2	1	1
367	Lis-5	1	1
327	Lm-2	2	1
324	In-0	1	1
351	Lom1-1	2	1
11	Löv-1	1	1
12	Löv-5	1	1
31	Lp2-2	1	1
32	Lp2-6	1	1
328	Lu-1	1	1
292	Lund	1	1
52	Lz-0	2	1
329	Mir-0	1	1
77	Mr-0	1	1
72	Mrk-0	2	1
79	Mt-0	1	2
73	Mz-0	1	2
313	PHW-2	1	1
304	PHW-34	1	1
314	Seattle-0	1	1
330	Na-1	2	1
294	NC-6	1	1
56	Nd-1	1	2
36	NFA-10	1	1
35	NFA-8	1	1
80	Nok-3	1	1
331	Nw-0	1	2
375	Nyl-2	1	1
21	Ömö2-1	1	1
22	Ömö2-3	1	1
364	Ör-1	1	1
332	Ost-0	1	1
95	Oy-0	1	2
333	Pa-1	1	1
334	Per-1	1	1
335	Petergof	2	1
336	Pi-0	1	1
337	Pla-0	1	1
8	Pna-10	1	1
7	Pna-17	1	1
86	Pro-0	1	1
30	Pu2-23	1	1
29	Pu2-7	1	1
296	Pu2-8	1	1
69	Ra-0	2	1
338	Rak-2	2	1
312	Rd-0	1	2
47	Ren-1	2	1
48	Ren-11	1	1
347	Rev-1	1	1
5	Rmx-A02	1	1
6	Rmx-A180	1	1
2	RRS-10	1	1
1	RRS-7	2	1
290	Rsch-4	2	1
339	Rubezhnoe-1	1	1
349	San-2	1	1
376	Sanna-2	1	1
340	Santa Clara	2	1
341	Sap-0	1	1
83	Se-0	1	1
300	Sf-1	1	1
89	Sha	1	1
90	Sorbo	1	1
19	Spr1-2	1	1
20	Spr1-6	1	1
37	Sq-1	1	1
38	Sq-8	1	2
377	Sr:5	1	1
342	St-0	1	1
363	Stu1-1	1	1
343	Stw-0	1	1
344	Ta-0	1	1
41	Tamm-2	1	1
42	Tamm-27	1	1
370	Tottarp-2	1	1
84	Ts-1	1	1
85	Ts-5	1	1
78	Tsu-1	2	1
345	Tu-0	2	1
24	Ull2-3	1	1
23	Ull2-5	1	1
49	Uod-1	2	1
50	Uod-7	1	1
64	Van-0	1	1
17	Vår2-1	1	1
18	Vår2-6	1	1
295	Vimmerby	1	1
81	Wa-1	1	1
59	Wei-0	2	1
384	Wil-1	1	1
60	Ws-0	1	1
96	Ws-2	1	2
74	Wt-5	2	1
61	Yo-0	1	1
25	Zdr-1	2	1
26	Zdr-6	1	1
