accession	Ler(2)/Col(3)	4_268809_0	4_269962_8
6897	Ag-0	1	1
8252	Alc-0	1	1
8230	Algutsrum	1	1
6898	An-1	1	1
8254	Ang-0	1	1
8255	App1-4	2	1
8256	Bå1-2	1	1
8257	Bå3-3	1	1
8258	Bå4-1	1	1
8259	Bå5-1	1	1
6899	Bay-0	2	1
6709	Bg-2	1	1
6900	Bil-5	1	1
6901	Bil-7	1	1
8264	Bla-1	1	1
8265	Blh-1	1	1
8266	Boo2-1	1	1
5837	Bor-1	1	1
6903	Bor-4	1	1
6904	Br-0	1	1
8231	Brö1-6	1	1
8270	Bs-1	2	1
8271	Bu-0	1	2
6905	Bur-0	1	1
6906	C24	1	1
8274	Can-0	1	1
8275	Cen-0	1	1
6907	CIBC-17	1	1
6908	CIBC-5	1	1
8278	Co	1	1
6909	Col-0	1	2
7438	N13	1	1
6910	Ct-1	2	1
6911	Cvi-0	1	1
8233	Dem-4	1	1
8282	Di-0	1	1
8283	Dra3-1	1	1
8284	DraII-1	1	1
8285	DraIII-1	1	1
6008	Duk	2	1
6009	Eden-1	1	1
6913	Eden-2	1	1
6914	Edi-0	1	1
6016	Eds-1	1	1
6915	Ei-2	1	1
8290	En-1	2	1
6916	Est-1	1	2
6917	Fäb-2	1	1
6918	Fäb-4	1	1
8215	Fei-0	1	1
6024	Fly2-2	1	1
6919	Ga-0	2	1
8296	Gd-1	1	2
8297	Ge-0	1	1
6920	Got-22	1	1
6921	Got-7	1	1
8300	Gr-1	2	1
6922	Gu-0	1	2
8234	Gul1-2	1	1
8214	Gy-0	1	1
8303	H55	1	2
8304	Hi-0	2	1
8235	Hod	1	1
8305	Hov2-2	1	1
8306	Hov4-1	1	1
6039	Hovdala-2	1	1
8307	Hovdala-6	1	1
6923	HR-10	1	1
6924	HR-5	1	1
8310	Hs-0	1	2
8236	HSm	1	1
8311	In-0	1	1
8312	Is-0	2	1
8313	Jm-0	2	1
8314	Ka-0	2	1
8424	Kas-2	1	1
8237	Kävlinge-1	1	1
8238	Kent	1	1
6926	Kin-0	1	1
6040	Kni-1	1	1
6927	Kno-10	1	1
6928	Kno-18	1	1
8239	Köln	1	2
6929	Kondara	1	1
8240	Kulturen-1	1	1
6930	Kz-1	1	1
6830	Kz-13	1	1
6931	Kz-9	1	1
8323	Lc-0	1	1
6932	Ler-1	2	1
8241	Liarum	1	1
8242	Lillö-1	1	1
8325	Lip-0	1	1
8326	Lis-1	1	1
8222	Lis-2	1	1
8327	Lis-5	1	1
6933	LL-0	1	1
8329	Lm-2	2	1
6042	Lom1-1	2	1
6043	Löv-1	1	1
6046	Löv-5	1	1
7520	Lp2-2	1	1
7521	Lp2-6	1	1
8334	Lu-1	1	1
8335	Lund	1	1
6936	Lz-0	2	1
8337	Mir-0	1	1
7522	Mr-0	1	1
6937	Mrk-0	2	1
6938	Ms-0	2	1
6939	Mt-0	1	2
6940	Mz-0	1	2
8243	PHW-2	1	1
8244	PHW-34	1	1
8245	Seattle-0	1	1
8343	Na-1	2	1
8246	NC-6	1	1
6942	Nd-1	1	2
6943	NFA-10	1	1
6944	NFA-8	1	1
6945	Nok-3	1	1
8348	Nw-0	1	2
6064	Nyl-2	1	1
7518	Ömö2-1	1	1
7519	Ömö2-3	1	1
6074	Ör-1	1	1
8351	Ost-0	1	1
6946	Oy-0	1	2
8353	Pa-1	1	1
8354	Per-1	1	1
8355	Petergof	2	1
8356	Pi-0	1	1
8357	Pla-0	1	1
7526	Pna-10	1	1
7523	Pna-17	1	1
8213	Pro-0	1	1
6951	Pu2-23	1	1
6956	Pu2-7	1	1
6957	Pu2-8	1	1
6958	Ra-0	2	1
8365	Rak-2	2	1
8411	Rd-0	1	2
6959	Ren-1	1	1
6960	Ren-11	1	1
8369	Rev-1	1	1
7524	Rmx-A02	1	1
7525	Rmx-A180	1	1
7515	RRS-10	1	1
7514	RRS-7	1	1
8374	Rsch-4	2	1
8375	Rubezhnoe-1	1	1
6962	Sha	1	1
8247	San-2	1	1
8376	Sanna-2	1	1
8377	Santa Clara	2	1
8378	Sap-0	1	1
6961	Se-0	1	1
8380	Sf-1	1	1
6963	Sorbo	1	1
6964	Spr1-2	1	1
6965	Spr1-6	1	1
6966	Sq-1	1	1
6967	Sq-8	1	2
8386	Sr:5	1	1
8387	St-0	1	1
6088	Stu1-1	1	1
8388	Stw-0	1	1
8389	Ta-0	1	1
6968	Tamm-2	1	1
6969	Tamm-27	1	1
6243	Tottarp-2	1	1
6970	Ts-1	1	1
6971	Ts-5	1	1
6972	Tsu-1	2	1
8395	Tu-0	2	1
6973	Ull2-3	1	1
6974	Ull2-5	1	1
6975	Uod-1	2	1
6976	Uod-7	1	1
6977	Van-0	1	1
7516	Vår2-1	1	1
7517	Vår2-6	1	1
8249	Vimmerby	1	1
6978	Wa-1	1	1
6979	Wei-0	2	1
8419	Wil-1	1	1
6980	Ws-0	1	1
6981	Ws-2	1	2
6982	Wt-5	2	1
6983	Yo-0	1	1
6984	Zdr-1	2	1
6985	Zdr-6	1	1
