name,Ler(2)/Col(3),Ler(2)/Col(3)
Ag-0,1,1
Alc-0,1,1
Algutsrum,1,1
An-1,1,1
Ang-0,1,1
App1-4,2,2
Ba1-2,1,1
Ba3-3,1,1
Ba4-1,1,1
Ba5-1,1,1
Bay-0,2,2
Bg-2,1,1
Bil-5,1,1
Bil-7,1,1
Bla-1,1,1
Blh-1,3,3
Boo2-1,1,1
Bor-1,1,1
Bor-4,1,1
Br-0,1,1
Bro1-6,1,1
Bs-1,2,2
Bu-0,3,3
Bur-0,1,1
C24,1,1
Can-0,1,1
Cen-0,1,1
CIBC-17,1,1
CIBC-5,1,1
Co,1,1
Col-0,3,3
CS22491,1,1
Ct-1,2,2
Cvi-0,1,1
Dem-4,1,1
Di-0,1,1
Dra3-1,1,1
DraII-1,1,1
DraIII-1,1,1
Duk,2,2
Eden-1,1,1
Eden-2,1,1
Edi-0,1,1
Eds-1,1,1
Ei-2,1,1
En-1,2,2
Est-1,3,3
fab-2,1,1
fab-4,1,1
fei-0,1,1
fly2-2,1,1
Ga-0,2,2
Gd-1,3,3
Ge-0,1,1
GOT-22,1,1
GOT-7,1,1
Gr-1,2,2
Gu-0,3,3
Gul1-2,1,1
Gy-0,1,1
H55,3,3
Hi-0,2,2
Hod,1,1
Hov4-1,1,1
Hovdala-2,1,1
Hovdala-6,1,1
HR-10,1,1
HR-5,1,1
Hs-0,3,3
Hsm,1,1
Is-0,2,2
Jm-0,2,2
Ka-0,2,2
Kas-2,1,1
Kavlinge-1,1,1
Kent,2,2
Kin-0,1,1
Kni-1,1,1
Knox-10,1,1
Knox-18,1,1
Koln,3,3
Kondara,1,1
Kz-1,1,1
Kz-13,1,1
Kz-9,1,1
Lc-0,1,1
Ler-1,2,2
LL-0,1,1
Liarum,1,1
Lillo-1,1,1
Lip-0,1,1
Lis-1,1,1
Lis-2,1,1
Lis-5,1,1
Lm-2,2,2
In-0,1,1
Lom1-1,2,2
Lov-1,1,1
Lov-5,1,1
LP2-2,1,1
LP2-6,1,1
Lu-1,1,1
Lund,1,1
Lz-0,2,2
Mir-0,1,1
Mr-0,1,1
Mrk-0,2,2
Mt-0,3,3
Mz-0,3,3
N6002,1,1
N6034,1,1
N6187,1,1
Na-1,2,2
Nc-6,1,1
Nd-1,3,3
NfA-10,1,1
NfA-8,1,1
Nok-3,1,1
Nw-0,3,3
Nyl-2,1,1
Omo2-1,1,1
Omo2-3,1,1
Or-1,1,1
Ost-0,1,1
Oy-0,3,3
Pa-1,1,1
Per-1,1,1
Petergof,2,2
Pi-0,1,1
Pla-0,1,1
PNA-10,1,1
PNA-17,1,1
Pro-0,1,1
PU2-23,1,1
Pu2-7,1,1
Pu2-8,1,1
Ra-0,2,2
Rak-2,2,2
Rd-0,3,3
Ren-1,2,2
REN-11,1,1
Rev-1,1,1
RMX-A02,1,1
RMX-A180,1,1
RRS-10,1,1
RRS-7,2,2
Rsch-4,2,2
Rubezhnoe-1,1,1
San-2,1,1
Sanna-2,1,1
"Santa Clara",2,2
Sap-0,1,1
Se-0,1,1
Sf-1,1,1
Shahdara,1,1
Sorbo,1,1
Spr1-2,1,1
Spr1-6,1,1
SQ-1,1,1
SQ-8,3,3
Sr:5,1,1
St-0,1,1
Stu1-1,1,1
Stw-0,1,1
Ta-0,1,1
TAMM-2,1,1
TAMM-27,1,1
Tottarp-2,1,1
Ts-1,1,1
Ts-5,1,1
Tsu-1,2,2
Tu-0,2,2
Ull2-3,1,1
Ull2-5,1,1
Uod-1,2,2
Uod-7,1,1
Van-0,1,1
Var2-1,1,1
Var2-6,1,1
Vimmerby,1,1
Wa-1,1,1
Wei-0,2,2
Will,1,1
Ws-0,1,1
Ws-2,3,3
Wt-5,2,2
Yo-0,1,1
Zdr-1,2,2
Zdr-6,1,1
