Population Location	Pop	Line	distance along 20m transect	Location Latitude	Longutude	comments/when collected as seed	Address
Browntown	Brn	1	0.0	41.9	-86.58	rr site,collected 05/2002	
Browntown	Brn	2	0.25				
Browntown	Brn	3	0.55				
Browntown	Brn	4	0.8				
Browntown	Brn	6	1.6				
Browntown	Brn	9	2.5				
Browntown	Brn	10	2.9				
Browntown	Brn	11	3.15				
Browntown	Brn	12	3.6				
Browntown	Brn	16	5.0				
Browntown	Brn	17	5.9				
Browntown	Brn	19	6.5				
Browntown	Brn	20	7.0				
Browntown	Brn	21	8.0				
Browntown	Brn	22	8.5				
Browntown	Brn	23	9.0				
Browntown	Brn	24	9.5				
Browntown	Brn	27	10.2				
Browntown	Brn	28	11.0				
Browntown	Brn	29	12.4				
Browntown	Brn	32	14.1				
Browntown	Brn	35	17.0				
Browntown	Brn	36	17.5				
Browntown	Brn	37	17.9				
Browntown	Brn	38	18.3				
Duck Lake St Pk	DuckLkSP	1	0.15	43.34	-86.4	some shade in picnic grounds, collected 6/4/04	3560 Memorial Drive, North Muskegon MI 49445
Duck Lake St Pk	DuckLkSP	2	0.2				
Duck Lake St Pk	DuckLkSP	3	0.7				
Duck Lake St Pk	DuckLkSP	6	1.8				
Duck Lake St Pk	DuckLkSP	7	1.85				
Duck Lake St Pk	DuckLkSP	9	2.25				
Duck Lake St Pk	DuckLkSP	12	3				
Duck Lake St Pk	DuckLkSP	14	3.35				
Duck Lake St Pk	DuckLkSP	15	3.9				
Duck Lake St Pk	DuckLkSP	18	4.45				
Duck Lake St Pk	DuckLkSP	19	5.15				
Duck Lake St Pk	DuckLkSP	22	5.9				
Duck Lake St Pk	DuckLkSP	23	6.1				
Duck Lake St Pk	DuckLkSP	24	6.4				
Duck Lake St Pk	DuckLkSP	25	6.45				
Duck Lake St Pk	DuckLkSP	27	6.9				
Duck Lake St Pk	DuckLkSP	28	7.1				
Duck Lake St Pk	DuckLkSP	30	7.3				
Duck Lake St Pk	DuckLkSP	32	7.75				
Duck Lake St Pk	DuckLkSP	37	10.1				
Duck Lake St Pk	DuckLkSP	38	11.2				
Duck Lake St Pk	DuckLkSP	40	11.4				
Duck Lake St Pk	DuckLkSP	41	11.5				
Duck Lake St Pk	DuckLkSP	42	11.8				
Duck Lake St Pk	DuckLkSP	43	12.42				
Duck Lake St Pk	DuckLkSP	46	13.1				
Duck Lake St Pk	DuckLkSP	48	13.7				
Duck Lake St Pk	DuckLkSP	49	13.8				
Duck Lake St Pk	DuckLkSP	51	14				
Duck Lake St Pk	DuckLkSP	52	14.4				
Duck Lake St Pk	DuckLkSP	53	14.7				
Duck Lake St Pk	DuckLkSP	54	14.8				
Duck Lake St Pk	DuckLkSP	55	15.3				
Duck Lake St Pk	DuckLkSP	56	15.35				
Duck Lake St Pk	DuckLkSP	57	15.4				
Duck Lake St Pk	DuckLkSP	59	16				
Duck Lake St Pk	DuckLkSP	60	16.4				
Duck Lake St Pk	DuckLkSP	61	17				
Duck Lake St Pk	DuckLkSP	63	17.4				
Duck Lake St Pk	DuckLkSP	64	17.9				
Duck Lake St Pk	DuckLkSP	67	18.8				
Duck Lake St Pk	DuckLkSP	69	19				
Duck Lake St Pk	DuckLkSP	71	19.75				
Duck Lake St Pk	DuckLkSP	73	20				
Hazelhurst	Haz	1	0.0	41.88	-86.61	rr site, collected 05/2002	
Hazelhurst	Haz	2	0.3				
Hazelhurst	Haz	3	0.6				
Hazelhurst	Haz	4	1.0				
Hazelhurst	Haz	5	1.3				
Hazelhurst	Haz	6	1.9				
Hazelhurst	Haz	7	2.35				
Hazelhurst	Haz	8	4.0				
Hazelhurst	Haz	9	6.45				
Hazelhurst	Haz	10	6.5				
Hazelhurst	Haz	12	8.1				
Hazelhurst	Haz	13	8.2				
Hazelhurst	Haz	14	8.8				
Hazelhurst	Haz	15	9.0				
Hazelhurst	Haz	16	9.35				
Hazelhurst	Haz	17	9.5				
Hazelhurst	Haz	18	9.75				
Hazelhurst	Haz	19	9.8				
Hazelhurst	Haz	20	10.0				
Hazelhurst	Haz	21	11.3				
Hazelhurst	Haz	22	11.31				
Hazelhurst	Haz	23	11.5				
Hazelhurst	Haz	24	11.8				
Hazelhurst	Haz	25	12.0				
Hazelhurst	Haz	26	12.7				
Hazelhurst	Haz	27	13.2				
Hazelhurst	Haz	28	13.7				
Hazelhurst	Haz	29	14.6				
Hazelhurst	Haz	30	15.1				
Hazelhurst	Haz	31	15.3				
Hazelhurst	Haz	32	15.45				
Hazelhurst	Haz	33	15.7				
Hazelhurst	Haz	35	16.05				
Hazelhurst	Haz	36	16.5				
Hazelhurst	Haz	37	16.8				
Hazelhurst	Haz	39	17.0				
Hazelhurst	Haz	40	17.05				
Hazelhurst	Haz	41	17.1				
KBS-Mackay	KBS-Mackay	1	0.4	42.41	-85.4	old field - not plowed , collected 5/29/04	
KBS-Mackay	KBS-Mackay	3	0.45				
KBS-Mackay	KBS-Mackay	6	0.8				
KBS-Mackay	KBS-Mackay	8	0.95				
KBS-Mackay	KBS-Mackay	13	2.05				
KBS-Mackay	KBS-Mackay	15	2.7				
KBS-Mackay	KBS-Mackay	16	2.9				
KBS-Mackay	KBS-Mackay	17	3.1				
KBS-Mackay	KBS-Mackay	22	4				
KBS-Mackay	KBS-Mackay	23	5.7				
KBS-Mackay	KBS-Mackay	26	6				
KBS-Mackay	KBS-Mackay	28	6.15				
KBS-Mackay	KBS-Mackay	30	7.3				
KBS-Mackay	KBS-Mackay	33	8.1				
KBS-Mackay	KBS-Mackay	34	8.65				
KBS-Mackay	KBS-Mackay	36	8.95				
KBS-Mackay	KBS-Mackay	41	10.3				
KBS-Mackay	KBS-Mackay	43	10.7				
KBS-Mackay	KBS-Mackay	48	13.25				
KBS-Mackay	KBS-Mackay	51	13.5				
KBS-Mackay	KBS-Mackay	53	13.65				
KBS-Mackay	KBS-Mackay	54	13.85				
KBS-Mackay	KBS-Mackay	56	13.9				
KBS-Mackay	KBS-Mackay	58	14.25				
KBS-Mackay	KBS-Mackay	62	14.7				
KBS-Mackay	KBS-Mackay	64	14.9				
KBS-Mackay	KBS-Mackay	68	15.1				
KBS-Mackay	KBS-Mackay	72	15.35				
KBS-Mackay	KBS-Mackay	73	15.5				
KBS-Mackay	KBS-Mackay	74	15.5				
KBS-Mackay	KBS-Mackay	75	15.9				
KBS-Mackay	KBS-Mackay	76	16.05				
KBS-Mackay	KBS-Mackay	78	16.55				
KBS-Mackay	KBS-Mackay	79	17.05				
KBS-Mackay	KBS-Mackay	80	17.1				
KBS-Mackay	KBS-Mackay	86	17.9				
KBS-Mackay	KBS-Mackay	88	18.1				
KBS-Mackay	KBS-Mackay	89	19.1				
KBS-Mackay	KBS-Mackay	91	19.5				
KBS-Mackay	KBS-Mackay	95	19.9				
KBS-Mackay	KBS-Mackay	96	20.05				
Kerlikowski	Ker	1	-0.1	42.18	-86.36	rr site, collected 05/2002	
Kerlikowski	Ker	3	0.1				
Kerlikowski	Ker	4	0.15				
Kerlikowski	Ker	5	0.25				
Kerlikowski	Ker	6	0.6				
Kerlikowski	Ker	7	0.7				
Kerlikowski	Ker	8	1.3				
Kerlikowski	Ker	9	1.35				
Kerlikowski	Ker	10	2.0				
Kerlikowski	Ker	11	2.4				
Kerlikowski	Ker	13	3.15				
Kerlikowski	Ker	14	3.5				
Kerlikowski	Ker	17	5.1				
Kerlikowski	Ker	18	5.15				
Kerlikowski	Ker	21	6.1				
Kerlikowski	Ker	23	6.6				
Kerlikowski	Ker	24	6.85				
Kerlikowski	Ker	25	7.0				
Kerlikowski	Ker	26	7.3				
Kerlikowski	Ker	27	7.5				
Kerlikowski	Ker	28	7.9				
Kerlikowski	Ker	29	8.0				
Kerlikowski	Ker	30	8.5				
Kerlikowski	Ker	31	8.8				
Kerlikowski	Ker	32	9.0				
Kerlikowski	Ker	33	9.2				
Kerlikowski	Ker	35	10.1				
Kerlikowski	Ker	36	10.6				
Kerlikowski	Ker	38	11.25				
Kerlikowski	Ker	39	11.6				
Kerlikowski	Ker	40	11.9				
Kerlikowski	Ker	41	12.9				
Kerlikowski	Ker	42	14.1				
Kerlikowski	Ker	43	18.0				
Kerlikowski	Ker	44	19.1				
Lake-Red	L-R	1	A 0.0	41.85	-86.67	rr site, collected 05/2002	
Lake-Red	L-R	2	A 0.9				
Lake-Red	L-R	3	A 1.5				
Lake-Red	L-R	4	A 3.7				
Lake-Red	L-R	5	A 5.3				
Lake-Red	L-R	7	A 6.45				
Lake-Red	L-R	8	A 6.46				
Lake-Red	L-R	9	A 6.5				
Lake-Red	L-R	10	A 6.9				
Lake-Red	L-R	11	B 0.2				
Lake-Red	L-R	12	B 0.3				
Lake-Red	L-R	13	B 0.6				
Lake-Red	L-R	14	B 0.65				
Lake-Red	L-R	15	B 0.7				
Lake-Red	L-R	16	B 0.9				
Lake-Red	L-R	17	B 1.1				
Lake-Red	L-R	18	B 1.2				
Lake-Red	L-R	19	B 4.5				
Lake-Red	L-R	20	B 5.0				
Lake-Red	L-R	21	B 5.7				
Lakeside	Lak	1	0.2	41.8	-86.67	rr, collected 05/2002	
Lakeside	Lak	2	5.65				
Lakeside	Lak	4	11.9				
Lakeside	Lak	5	12.2				
Lakeside	Lak	6	12.4				
Lakeside	Lak	7	12.41				
Lakeside	Lak	8	12.45				
Lakeside	Lak	9	12.71				
Lakeside	Lak	10	12.75				
Lakeside	Lak	11	12.8				
Lakeside	Lak	12	12.89				
Lakeside	Lak	13	12.9				
Lakeside	Lak	14	12.95				
Lakeside	Lak	15	13.3				
Lakeside	Lak	16	13.81				
Lakeside	Lak	17	13.85				
Lakeside	Lak	18	13.9				
Lakeside	Lak	20	15.9				
Lakeside	Lak	21	16.5				
Lakeside	Lak	22	16.74				
Maiden	Mdn	1	0.3	42.05	-86.51	rr site, collected 05/2001	
Maiden	Mdn	3	1.7				
Maiden	Mdn	4	1.85				
Maiden	Mdn	5	2.1				
Maiden	Mdn	7	3				
Maiden	Mdn	8	3.3				
Maiden	Mdn	10	4				
Maiden	Mdn	11	4.6				
Maiden	Mdn	13	5.2				
Maiden	Mdn	14	5.6				
Maiden	Mdn	15	6				
Maiden	Mdn	17	6.7				
Maiden	Mdn	21	8.6				
Maiden	Mdn	23	11.8				
Maiden	Mdn	24	12.7				
Maiden	Mdn	25	13.5				
Maiden	Mdn	26	13.8				
Maiden	Mdn	27	14.1				
Maiden	Mdn	28	14.3				
Maiden	Mdn	29	15.1				
Maiden	Mdn	31	16				
Manistee Nat'l For - Potter's	MNF-Potter	8	0.2	43.59	-86.27	open area of national forest -large pop, collected 06/05/2004	
Manistee Nat'l For - Potter's	MNF-Potter	10	0.31				
Manistee Nat'l For - Potter's	MNF-Potter	15	0.87				
Manistee Nat'l For - Potter's	MNF-Potter	21	1.2				
Manistee Nat'l For - Potter's	MNF-Potter	23	1.6				
Manistee Nat'l For - Potter's	MNF-Potter	37	3.8				
Manistee Nat'l For - Potter's	MNF-Potter	41	4.58				
Manistee Nat'l For - Potter's	MNF-Potter	46	5				
Manistee Nat'l For - Potter's	MNF-Potter	47	5.25				
Manistee Nat'l For - Potter's	MNF-Potter	48	5.45				
Manistee Nat'l For - Potter's	MNF-Potter	54	6.45				
Manistee Nat'l For - Potter's	MNF-Potter	55	6.75				
Manistee Nat'l For - Potter's	MNF-Potter	56	7				
Manistee Nat'l For - Potter's	MNF-Potter	59	7.65				
Manistee Nat'l For - Potter's	MNF-Potter	60	7.8				
Manistee Nat'l For - Potter's	MNF-Potter	61	8				
Manistee Nat'l For - Potter's	MNF-Potter	66	9.05				
Manistee Nat'l For - Potter's	MNF-Potter	68	9.35				
Manistee Nat'l For - Potter's	MNF-Potter	69	9.55				
Manistee Nat'l For - Potter's	MNF-Potter	70	9.7				
Manistee Nat'l For - Potter's	MNF-Potter	73	10.65				
Manistee Nat'l For - Potter's	MNF-Potter	75	10.85				
Manistee Nat'l For - Potter's	MNF-Potter	76	10.85				
Manistee Nat'l For - Potter's	MNF-Potter	79	11.15				
Manistee Nat'l For - Potter's	MNF-Potter	80	11.15				
Manistee Nat'l For - Potter's	MNF-Potter	81	11.2				
Manistee Nat'l For - Potter's	MNF-Potter	82	11.25				
Manistee Nat'l For - River	MNF River	1	2.7	43.51	-86.19	patch - mostly open - on river bluff, collected 06/05/2004	
Manistee Nat'l For - River	MNF River	2	2.9				
Manistee Nat'l For - River	MNF River	5	3.07				
Manistee Nat'l For - River	MNF River	6	3.1				
Manistee Nat'l For - River	MNF River	7	3.15				
Manistee Nat'l For - River	MNF River	8	3.15				
Manistee Nat'l For - River	MNF River	10	3.3				
Manistee Nat'l For - River	MNF River	11	3.4				
Manistee Nat'l For - River	MNF River	12	3.5				
Manistee Nat'l For - River	MNF River	13	3.8				
Manistee Nat'l For - River	MNF River	16	4.9				
Manistee Nat'l For - River	MNF River	17	5				
Manistee Nat'l For - River	MNF River	19	5.4				
Manistee Nat'l For - River	MNF River	21	6.1				
Manistee Nat'l For - River	MNF River	22	6.4				
Manistee Nat'l For - River	MNF River	23	6.42				
Manistee Nat'l For - River	MNF River	24	7				
Manistee Nat'l For - River	MNF River	26	7.3				
Manistee Nat'l For - River	MNF River	27	7.5				
Manistee Nat'l For - River	MNF River	29	7.8				
Manistee Nat'l For - River	MNF River	30	8				
Manistee Nat'l For - River	MNF River	33	8.7				
Manistee Nat'l For - River	MNF River	34	8.9				
Manistee Nat'l For - River	MNF River	35	9				
Manistee Nat'l For - River	MNF River	36	9.2				
Manistee Nat'l For - River	MNF River	38	9.4				
Manistee Nat'l For - River	MNF River	39	9.4				
Manistee Nat'l For - River	MNF River	40	9.6				
Manistee Nat'l For - River	MNF River	41	9.6				
Manistee Nat'l For - River	MNF River	42	10				
Manistee Nat'l For - River	MNF River	45	10.4				
Manistee Nat'l For - River	MNF River	46	10.6				
Manistee Nat'l For - River	MNF River	47	10.85				
Manistee Nat'l For - River	MNF River	49	11.05				
Manistee Nat'l For - River	MNF River	50	11.1				
Manistee Nat'l For - River	MNF River	53	11.4				
Manistee Nat'l For - River	MNF River	54	11.4				
Manistee Nat'l For - River	MNF River	55	12				
Manistee Nat'l For - River	MNF River	56	12.1				
Manistee Nat'l For - River	MNF River	57	12.2				
Manistee Nat'l For - River	MNF River	60	12.8				
Manistee Nat'l For - River	MNF River	66	13.8				
Manistee Nat'l For - River	MNF River	67	13.8				
Manistee Nat'l For - River	MNF River	68	13.85				
Manistee Nat'l For - River	MNF River	69	13.95				
Manistee Nat'l For - River	MNF River	70	14				
Manistee Nat'l For - River	MNF River	71	14.15				
Manistee Nat'l Forest - Cherry Savanna	MNF-Cherry	1	4.2	43.53	-86.18	mostly open with small cherry trees, 06/05/2004	
Manistee Nat'l Forest - Cherry Savanna	MNF-Cherry	2	4.3				
Manistee Nat'l Forest - Cherry Savanna	MNF-Cherry	3	4.65				
Manistee Nat'l Forest - Cherry Savanna	MNF-Cherry	5	4.95				
Manistee Nat'l Forest - Cherry Savanna	MNF-Cherry	7	5.1				
Manistee Nat'l Forest - Cherry Savanna	MNF-Cherry	9	5.35				
Manistee Nat'l Forest - Cherry Savanna	MNF-Cherry	10	5.42				
Manistee Nat'l Forest - Cherry Savanna	MNF-Cherry	11	5.5				
Manistee Nat'l Forest - Cherry Savanna	MNF-Cherry	15	6.3				
Manistee Nat'l Forest - Cherry Savanna	MNF-Cherry	23	8.5				
Manistee Nat'l Forest - Cherry Savanna	MNF-Cherry	28	9.3				
Manistee Nat'l Forest - Cherry Savanna	MNF-Cherry	34	10.1				
Manistee Nat'l Forest - Cherry Savanna	MNF-Cherry	36	10.5				
Manistee Nat'l Forest - Cherry Savanna	MNF-Cherry	39	10.9				
Manistee Nat'l Forest - Cherry Savanna	MNF-Cherry	41	11				
Manistee Nat'l Forest - Cherry Savanna	MNF-Cherry	42	11.15				
Manistee Nat'l Forest - Cherry Savanna	MNF-Cherry	44	11.3				
Manistee Nat'l Forest - Cherry Savanna	MNF-Cherry	45	11.5				
Manistee Nat'l Forest - Cherry Savanna	MNF-Cherry	47	11.8				
Manistee Nat'l Forest - Cherry Savanna	MNF-Cherry	49	12.1				
Manistee Nat'l Forest - Cherry Savanna	MNF-Cherry	50	12.25				
Manistee Nat'l Forest - Cherry Savanna	MNF-Cherry	51	12.5				
Manistee Nat'l Forest - Cherry Savanna	MNF-Cherry	52	12.6				
Manistee Nat'l Forest - Cherry Savanna	MNF-Cherry	53	12.9				
Manistee Nat'l Forest - Cherry Savanna	MNF-Cherry	58	16.95				
Manistee Nat'l Forest - Jack Pine	MNF-Jack	2	0.32	43.52	-86.17	mostly open area of national forest with Jack Pines, 06/05/2004	
Manistee Nat'l Forest - Jack Pine	MNF-Jack	6	1.05				
Manistee Nat'l Forest - Jack Pine	MNF-Jack	7	1.35				
Manistee Nat'l Forest - Jack Pine	MNF-Jack	9	2				
Manistee Nat'l Forest - Jack Pine	MNF-Jack	10	2.4				
Manistee Nat'l Forest - Jack Pine	MNF-Jack	12	2.8				
Manistee Nat'l Forest - Jack Pine	MNF-Jack	14	3.2				
Manistee Nat'l Forest - Jack Pine	MNF-Jack	15	3.6				
Manistee Nat'l Forest - Jack Pine	MNF-Jack	18	3.95				
Manistee Nat'l Forest - Jack Pine	MNF-Jack	20	4.2				
Manistee Nat'l Forest - Jack Pine	MNF-Jack	21	4.5				
Manistee Nat'l Forest - Jack Pine	MNF-Jack	22	4.7				
Manistee Nat'l Forest - Jack Pine	MNF-Jack	24	5				
Manistee Nat'l Forest - Jack Pine	MNF-Jack	25	5.2				
Manistee Nat'l Forest - Jack Pine	MNF-Jack	26	5.5				
Manistee Nat'l Forest - Jack Pine	MNF-Jack	28	5.9				
Manistee Nat'l Forest - Jack Pine	MNF-Jack	30	6.1				
Manistee Nat'l Forest - Jack Pine	MNF-Jack	31	6.5				
Manistee Nat'l Forest - Jack Pine	MNF-Jack	32	6.8				
Manistee Nat'l Forest - Jack Pine	MNF-Jack	34	7.1				
Manistee Nat'l Forest - Jack Pine	MNF-Jack	38	7.9				
Manistee Nat'l Forest - Jack Pine	MNF-Jack	39	8				
Manistee Nat'l Forest - Jack Pine	MNF-Jack	42	8.6				
Manistee Nat'l Forest - Jack Pine	MNF-Jack	45	9.5				
Manistee Nat'l Forest - Jack Pine	MNF-Jack	46	9.7				
Manistee Nat'l Forest - Jack Pine	MNF-Jack	49	10.7				
Manistee Nat'l Forest - Jack Pine	MNF-Jack	50	10.9				
Manistee Nat'l Forest - Jack Pine	MNF-Jack	51	11.25				
Manistee Nat'l Forest - Jack Pine	MNF-Jack	52	11.6				
Manistee Nat'l Forest - Jack Pine	MNF-Jack	61	13.7				
Manistee Nat'l Forest - Jack Pine	MNF-Jack	63	14.05				
Manistee Nat'l Forest - Jack Pine	MNF-Jack	64	14.45				
Manistee Nat'l Forest - Jack Pine	MNF-Jack	68	15.25				
Manistee Nat'l Forest - Jack Pine	MNF-Jack	71	16				
Manistee Nat'l Forest - Jack Pine	MNF-Jack	73	16.35				
Manistee Nat'l Forest - Jack Pine	MNF-Jack	74	16.5				
Manistee Nat'l Forest - Jack Pine	MNF-Jack	75	16.85				
Manistee Nat'l Forest - Jack Pine	MNF-Jack	76	17.05				
Manistee Nat'l Forest - Jack Pine	MNF-Jack	79	18.05				
Manistee Nat'l Forest - Jack Pine	MNF-Jack	81	18.5				
Manistee Nat'l Forest - Jack Pine	MNF-Jack	82	18.7				
Manistee Nat'l Forest - Jack Pine	MNF-Jack	85	19.9				
Manistee Nat'l Forest - Pine Plantation	MNF-Pine	1	0.1	43.54	-86.18	open area of national forest -nearby a pine plantation, 06/05/2004	
Manistee Nat'l Forest - Pine Plantation	MNF-Pine	2	0.2				
Manistee Nat'l Forest - Pine Plantation	MNF-Pine	4	1.2				
Manistee Nat'l Forest - Pine Plantation	MNF-Pine	6	1.9				
Manistee Nat'l Forest - Pine Plantation	MNF-Pine	7	2.1				
Manistee Nat'l Forest - Pine Plantation	MNF-Pine	9	2.7				
Manistee Nat'l Forest - Pine Plantation	MNF-Pine	10	3				
Manistee Nat'l Forest - Pine Plantation	MNF-Pine	11	3.3				
Manistee Nat'l Forest - Pine Plantation	MNF-Pine	12	3.6				
Manistee Nat'l Forest - Pine Plantation	MNF-Pine	14	4.6				
Manistee Nat'l Forest - Pine Plantation	MNF-Pine	15	4.79				
Manistee Nat'l Forest - Pine Plantation	MNF-Pine	16	5				
Manistee Nat'l Forest - Pine Plantation	MNF-Pine	17	5.4				
Manistee Nat'l Forest - Pine Plantation	MNF-Pine	20	6.5				
Manistee Nat'l Forest - Pine Plantation	MNF-Pine	21	6.6				
Manistee Nat'l Forest - Pine Plantation	MNF-Pine	23	7.1				
Manistee Nat'l Forest - Pine Plantation	MNF-Pine	24	7.3				
Manistee Nat'l Forest - Pine Plantation	MNF-Pine	28	8.7				
Manistee Nat'l Forest - Pine Plantation	MNF-Pine	29	9				
Manistee Nat'l Forest - Pine Plantation	MNF-Pine	30	9.6				
Manistee Nat'l Forest - Pine Plantation	MNF-Pine	31	9.7				
Manistee Nat'l Forest - Pine Plantation	MNF-Pine	32	9.95				
Manistee Nat'l Forest - Pine Plantation	MNF-Pine	33	10				
Manistee Nat'l Forest - Pine Plantation	MNF-Pine	35	10.7				
Manistee Nat'l Forest - Pine Plantation	MNF-Pine	38	11.85				
Manistee Nat'l Forest - Pine Plantation	MNF-Pine	39	12				
Manistee Nat'l Forest - Pine Plantation	MNF-Pine	40	12.2				
Manistee Nat'l Forest - Pine Plantation	MNF-Pine	41	12.65				
Manistee Nat'l Forest - Pine Plantation	MNF-Pine	43	13.45				
Manistee Nat'l Forest - Pine Plantation	MNF-Pine	44	13.85				
Manistee Nat'l Forest - Pine Plantation	MNF-Pine	51	16.3				
Manistee Nat'l Forest - Pine Plantation	MNF-Pine	52	16.35				
Manistee Nat'l Forest - Pine Plantation	MNF-Pine	53	16.65				
Manistee Nat'l Forest - Pine Plantation	MNF-Pine	55	17.5				
Manistee Nat'l Forest - Pine Plantation	MNF-Pine	56	17.85				
Manistee Nat'l Forest - Pine Plantation	MNF-Pine	58	18.4				
Manistee Nat'l Forest - Pine Plantation	MNF-Pine	60	19.25				
Maple	Map	3	1.2	42.17	-86.41	rr site, collected 05/2002	
Maple	Map	5	1.7				
Maple	Map	6	2.6				
Maple	Map	8	4.4				
Maple	Map	9	4.7				
Maple	Map	10	5.6				
Maple	Map	11	6.1				
Maple	Map	12	6.2				
Maple	Map	13	8.0				
Maple	Map	14	8.1				
Maple	Map	15	9.1				
Maple	Map	17	11.5				
Maple	Map	18	11.6				
Maple	Map	19	11.8				
Maple	Map	21	12.1				
Maple	Map	22	12.15				
Maple	Map	23	12.5				
Maple	Map	25	13.0				
Maple	Map	26	14.1				
Maple	Map	28	14.8				
Maple	Map	29	14.85				
Maple	Map	30	14.9				
Maple	Map	31	14.95				
Maple	Map	33	15.5				
Maple	Map	34	15.55				
Maple	Map	35	15.57				
Maple	Map	36	15.7				
Maple	Map	39	16.05				
Maple	Map	41	16.45				
Maple	Map	42	16.6				
Maple	Map	43	16.7				
Maple	Map	44	17.05				
Maple	Map	45	17.06				
Muskegon St Pk	MuskSP	1	A 0	43.25	-86.34	open grassy area, collected 06/04/2004	
Muskegon St Pk	MuskSP	3	A 0.3				
Muskegon St Pk	MuskSP	4	A 0.5				
Muskegon St Pk	MuskSP	7	A 0.95				
Muskegon St Pk	MuskSP	8	A 1				
Muskegon St Pk	MuskSP	9	A 1.1				
Muskegon St Pk	MuskSP	10	A 1.3				
Muskegon St Pk	MuskSP	11	A 1.35				
Muskegon St Pk	MuskSP	18	A 2.03				
Muskegon St Pk	MuskSP	20	A 2.08				
Muskegon St Pk	MuskSP	21	A 2.09				
Muskegon St Pk	MuskSP	26	A 2.43				
Muskegon St Pk	MuskSP	27	A 2.5				
Muskegon St Pk	MuskSP	30	A 3.2				
Muskegon St Pk	MuskSP	33	B 0.3				
Muskegon St Pk	MuskSP	35	B 0.9				
Muskegon St Pk	MuskSP	36	B 1.4				
Muskegon St Pk	MuskSP	38	B 1.6				
Muskegon St Pk	MuskSP	52	B 7.4				
Muskegon St Pk	MuskSP	57	B 8.3				
Muskegon St Pk	MuskSP	59	B 8.4				
Muskegon St Pk	MuskSP	62	B 9				
Muskegon St Pk	MuskSP	63	B 9.3				
Muskegon St Pk	MuskSP	64	B 9.8				
Muskegon St Pk	MuskSP	65	B 10				
Muskegon St Pk	MuskSP	67	B 10.3				
Muskegon St Pk	MuskSP	68	B 11				
Muskegon St Pk	MuskSP	70	B 11.9				
Muskegon St Pk	MuskSP	72	B 12.5				
Muskegon St Pk	MuskSP	74	B 13.7				
Muskegon St Pk	MuskSP	76	B 14.62				
Muskegon St Pk	MuskSP	77	B 14.9				
Muskegon St Pk	MuskSP	78	B 15				
Muskegon St Pk	MuskSP	79	B 15.3				
Muskegon St Pk	MuskSP	80	B 15.55				
Muskegon St Pk	MuskSP	82	B 16.05				
Muskegon St Pk	MuskSP	83	B 16.2				
Muskegon St Pk	MuskSP	85	B 17.2				
Muskegon St Pk	MuskSP	86	B 17.2				
Muskegon State Game Area	MSGA	1	0.1	43.27	-86.09	mostly open along trail - next to woods, collected 06/04/2004	
Muskegon State Game Area	MSGA	3	0.4				
Muskegon State Game Area	MSGA	4	0.75				
Muskegon State Game Area	MSGA	5	0.9				
Muskegon State Game Area	MSGA	7	1.65				
Muskegon State Game Area	MSGA	8	1.85				
Muskegon State Game Area	MSGA	10	2.5				
Muskegon State Game Area	MSGA	11	3.9				
Muskegon State Game Area	MSGA	12	4.6				
Muskegon State Game Area	MSGA	14	6.95				
Muskegon State Game Area	MSGA	15	7				
Muskegon State Game Area	MSGA	18	8.05				
Muskegon State Game Area	MSGA	19	8.3				
Muskegon State Game Area	MSGA	21	8.6				
Muskegon State Game Area	MSGA	22	9.75				
Muskegon State Game Area	MSGA	23	10				
Muskegon State Game Area	MSGA	24	10.3				
Muskegon State Game Area	MSGA	26	10.35				
Muskegon State Game Area	MSGA	28	10.7				
Muskegon State Game Area	MSGA	30	11.45				
Muskegon State Game Area	MSGA	31	11.8				
Muskegon State Game Area	MSGA	32	11.9				
Muskegon State Game Area	MSGA	34	12.2				
Muskegon State Game Area	MSGA	36	12.35				
Muskegon State Game Area	MSGA	38	12.5				
Muskegon State Game Area	MSGA	40	14.05				
Muskegon State Game Area	MSGA	42	14.45				
Muskegon State Game Area	MSGA	43	14.75				
Muskegon State Game Area	MSGA	44	14.9				
Muskegon State Game Area	MSGA	46	15.4				
Muskegon State Game Area	MSGA	47	15.45				
Muskegon State Game Area	MSGA	49	17.2				
Muskegon State Game Area	MSGA	50	17.5				
Muskegon State Game Area	MSGA	52	17.6				
Muskegon State Game Area	MSGA	53	17.62				
Muskegon State Game Area	MSGA	54	17.8				
Muskegon State Game Area	MSGA	55	17.85				
Muskegon State Game Area	MSGA	56	17.9				
Muskegon State Game Area	MSGA	58	18.1				
Muskegon State Game Area	MSGA	59	18.35				
Muskegon State Game Area	MSGA	60	18.7				
Muskegon State Game Area	MSGA	61	18.85				
Muskegon State Game Area	MSGA	63	18.95				
Muskegon State Game Area	MSGA	64	19.1				
Muskegon State Game Area	MSGA	65	19.2				
Muskegon State Game Area	MSGA	66	19.35				
Muskegon State Game Area	MSGA	67	19.6				
Muskegon State Game Area	MSGA	69	19.85				
Pawpaw	Paw	1	0.0	42.15	-86.43	rr site, collected 05/200+G5862	
Pawpaw	Paw	2	0.1				
Pawpaw	Paw	3	0.5				
Pawpaw	Paw	4	1.4				
Pawpaw	Paw	5	1.6				
Pawpaw	Paw	7	2.5				
Pawpaw	Paw	8	2.6				
Pawpaw	Paw	9	2.8				
Pawpaw	Paw	10	3.7				
Pawpaw	Paw	11	3.8				
Pawpaw	Paw	12	4.05				
Pawpaw	Paw	13	4.55				
Pawpaw	Paw	14	4.9				
Pawpaw	Paw	15	5.1				
Pawpaw	Paw	16	5.6				
Pawpaw	Paw	17	5.8				
Pawpaw	Paw	18	6.5				
Pawpaw	Paw	19	6.6				
Pawpaw	Paw	20	7.0				
Pawpaw	Paw	21	8.0				
Pawpaw	Paw	23	9.0				
Pawpaw	Paw	24	9.2				
Pawpaw	Paw	25	9.4				
Pawpaw	Paw	26	9.41				
Pawpaw	Paw	27	9.6				
Pawpaw	Paw	29	10.2				
Pawpaw	Paw	30	10.5				
Pawpaw	Paw	31	10.8				
Pawpaw	Paw	32	11.0				
Pawpaw	Paw	33	11.5				
Pawpaw	Paw	36	12.8				
Pawpaw	Paw	39	14.0				
Pawpaw	Paw	40	14.6				
Pawpaw	Paw	42	15.4				
Pawpaw	Paw	43	15.45				
Pawpaw	Paw	44	15.8				
Pawpaw	Paw	45	16.2				
Pawpaw	Paw	48	17.2				
Pawpaw	Paw	51	18.0				
Pentwater State Game Area	Pent	1	0.2	43.76	-86.39	open grassy area - on hillside, collected 06/04/2004	
Pentwater State Game Area	Pent	2	0.25				
Pentwater State Game Area	Pent	4	0.4				
Pentwater State Game Area	Pent	5	0.63				
Pentwater State Game Area	Pent	7	0.8				
Pentwater State Game Area	Pent	8	0.9				
Pentwater State Game Area	Pent	9	1.1				
Pentwater State Game Area	Pent	10	1.24				
Pentwater State Game Area	Pent	11	1.37				
Pentwater State Game Area	Pent	12	1.4				
Pentwater State Game Area	Pent	13	1.55				
Pentwater State Game Area	Pent	15	2				
Pentwater State Game Area	Pent	16	3				
Pentwater State Game Area	Pent	20	4.65				
Pentwater State Game Area	Pent	22	5.28				
Pentwater State Game Area	Pent	23	5.6				
Pentwater State Game Area	Pent	24	5.71				
Pentwater State Game Area	Pent	30	6.65				
Pentwater State Game Area	Pent	32	7.1				
Pentwater State Game Area	Pent	35	8.05				
Pentwater State Game Area	Pent	37	8.4				
Pentwater State Game Area	Pent	38	8.95				
Pentwater State Game Area	Pent	39	9				
Pentwater State Game Area	Pent	43	10.4				
Pentwater State Game Area	Pent	45	10.85				
Pentwater State Game Area	Pent	46	11.15				
Pentwater State Game Area	Pent	47	11.6				
Pentwater State Game Area	Pent	49	12.35				
Pentwater State Game Area	Pent	51	13.8				
Pentwater State Game Area	Pent	53	14.45				
Pentwater State Game Area	Pent	55	14.9				
Pentwater State Game Area	Pent	56	15.25				
Pentwater State Game Area	Pent	57	16.15				
Pentwater State Game Area	Pent	58	16.5				
Pentwater State Game Area	Pent	59	16.8				
Pentwater State Game Area	Pent	60	17.05				
Pentwater State Game Area	Pent	61	17.3				
Pentwater State Game Area	Pent	63	18.8				
Pentwater State Game Area	Pent	65	19.45				
Pentwater State Game Area	Pent	66	19.65				
Pentwater State Game Area	Pent	67	19.85				
Riverside	Riv	1	0.0	42.18	-86.38	rr site, collected 05/2002	
Riverside	Riv	2	0.2				
Riverside	Riv	6	0.85				
Riverside	Riv	8	1.0				
Riverside	Riv	9	1.1				
Riverside	Riv	12	2.0				
Riverside	Riv	16	2.95				
Riverside	Riv	19	4.3				
Riverside	Riv	20	4.35				
Riverside	Riv	22	4.75				
Riverside	Riv	24	8.0				
Riverside	Riv	25	8.8				
Riverside	Riv	26	9.0				
Riverside	Riv	27	9.1				
Riverside	Riv	28	9.5				
Riverside	Riv	30	10.3				
Riverside	Riv	31	11.1				
Riverside	Riv	32	11.4				
Riverside	Riv	33	11.8				
Riverside	Riv	34	11.9				
Riverside	Riv	35	12.0				
Riverside	Riv	36	12.1				
Riverside	Riv	37	12.6				
Riverside	Riv	38	13.05				
Riverside	Riv	39	13.1				
Riverside	Riv	40	13.55				
Riverside	Riv	41	13.9				
Riverside	Riv	42	14.3				
Riverside	Riv	43	14.35				
Riverside	Riv	44	14.4				
Riverside	Riv	45	14.5				
Riverside	Riv	46	14.8				
Riverside	Riv	47	15.1				
Riverside	Riv	48	15.4				
Riverside	Riv	49	15.5				
Riverside	Riv	50	15.6				
Riverside	Riv	51	15.7				
Riverside	Riv	52	15.8				
Riverside	Riv	53	16				
Riverside	Riv	54	16.05				
Riverside	Riv	55	16.3				
Riverside	Riv	56	17.3				
Riverside	Riv	58	17.85				
Riverside	Riv	59	17.9				
Riverside	Riv	60	18.1				
Silver Lake State Park	SLSP	27	B3	43.67	-86.5	picnic area of state park, some shade	
Silver Lake State Park	SLSP	28	B4			scattered population - therefore unusual distrances	
Silver Lake State Park	SLSP	30	B4			collected 06/04/2004	
Silver Lake State Park	SLSP	31	B4				
Silver Lake State Park	SLSP	34	C1				
Silver Lake State Park	SLSP	35	C1				
Silver Lake State Park	SLSP	49	C2				
Silver Lake State Park	SLSP	58	C4				
Silver Lake State Park	SLSP	60	D1				
Silver Lake State Park	SLSP	67	D3				
Silver Lake State Park	SLSP	69	D3				
Silver Lake State Park	SLSP	71	D3				
Silver Lake State Park	SLSP	72	D3				
Silver Lake State Park	SLSP	74	D3				
Silver Lake State Park	SLSP	77	D4				
Stevensville	Ste	1	0.0	42.03	-86.51	rr site, collected 05/2002	
Stevensville	Ste	2	2.6				
Stevensville	Ste	3	2.61				
Stevensville	Ste	5	3.25				
Stevensville	Ste	6	3.3				
Stevensville	Ste	7	3.4				
Stevensville	Ste	9	3.5				
Stevensville	Ste	10	4.8				
Stevensville	Ste	11	5.3				
Stevensville	Ste	12	5.4				
Stevensville	Ste	13	5.6				
Stevensville	Ste	14	6.9				
Stevensville	Ste	15	7.4				
Stevensville	Ste	16	7.9				
Stevensville	Ste	17	8.4				
Stevensville	Ste	18	8.5				
Stevensville	Ste	19	8.7				
Stevensville	Ste	20	8.9				
Stevensville	Ste	25	10.45				
Stevensville	Ste	26	10.7				
Stevensville	Ste	29	11.2				
Stevensville	Ste	30	11.21				
Stevensville	Ste	31	11.3				
Stevensville	Ste	32	11.35				
Stevensville	Ste	33	11.5				
Stevensville	Ste	34	12.0				
Stevensville	Ste	35	13.05				
Stevensville	Ste	36	13.5				
Stevensville	Ste	37	14.0				
Stevensville	Ste	40	17.3				
Wilcox Garden	Wilcox	2	0.1			former vegetable garden, WI near Portage	
Wilcox Garden	Wilcox	3	0.15			collected 05/31/2004	
Wilcox Garden	Wilcox	4	0.2				
Wilcox Garden	Wilcox	7	0.3				
Wilcox Garden	Wilcox	8	0.35				
Wilcox Garden	Wilcox	11	0.6				
Wilcox Garden	Wilcox	12	0.8				
Wilcox Garden	Wilcox	13	0.9				
Wilcox Garden	Wilcox	15	1.1				
Wilcox Garden	Wilcox	16	1.2				
Wilcox Garden	Wilcox	17	1.25				
Wilcox Garden	Wilcox	19	1.5				
Wilcox Garden	Wilcox	20	1.62				
Wilcox Garden	Wilcox	23	2				
Wilcox Garden	Wilcox	27	2.4				
Wilcox Garden	Wilcox	28	2.5				
Wilcox Garden	Wilcox	31	2.8				
Wilcox Garden	Wilcox	32	3				
Wilcox Garden	Wilcox	35	3.2				
Wilcox Garden	Wilcox	39	3.35				
Wilcox Garden	Wilcox	41	3.44				
Wilcox Garden	Wilcox	42	3.5				
Wilcox Garden	Wilcox	43	3.6				
Wilcox Garden	Wilcox	44	3.62				
Wilcox Garden	Wilcox	47	3.8				
Wilcox Garden	Wilcox	48	3.8				
Wilcox Garden	Wilcox	50	4				
Wilcox Garden	Wilcox	51	4.05				
Wilcox Garden	Wilcox	55	4.6				
Wilcox Garden	Wilcox	57	4.85				
Wilcox Garden	Wilcox	58	4.9				
Wilcox Garden	Wilcox	59	5				
Wilcox Garden	Wilcox	61	5.1				
Wilcox Garden	Wilcox	64	5.4				
Wilcox Garden	Wilcox	67	5.45				
Wilcox Garden	Wilcox	69	5.65				
Wilcox Garden	Wilcox	75	6.1				
Wilcox Garden	Wilcox	78	6.3				
Wilcox Garden	Wilcox	79	6.35				
Wilcox Garden	Wilcox	80	6.9				
Wilcox Garden	Wilcox	81	6.9				
Wilcox Garden	Wilcox	82	7				
Wilcox Garden	Wilcox	84	7.2				
Wilcox Garden	Wilcox	86	7.3				
Wilcox Garden	Wilcox	87	7.4				
Wilcox Garden	Wilcox	89	8				
Wilcox Garden	Wilcox	91	8.25				
Wilcox Garden	Wilcox	95	9.4				
Wilcox Garden	Wilcox	96	9.55				
Youngren	Yng	1	0.0	41.87	-86.65	rr site, collected 05/2002	
Youngren	Yng	2	0.1				
Youngren	Yng	3	0.55				
Youngren	Yng	4	0.8				
Youngren	Yng	6	1.2				
Youngren	Yng	7	1.25				
Youngren	Yng	8	1.55				
Youngren	Yng	9	1.75				
Youngren	Yng	10	2.0				
Youngren	Yng	11	2.2				
Youngren	Yng	12	2.5				
Youngren	Yng	13	2.65				
Youngren	Yng	15	3.05				
Youngren	Yng	16	3.25				
Youngren	Yng	17	3.4				
Youngren	Yng	18	3.7				
Youngren	Yng	19	4.2				
Youngren	Yng	20	4.6				
Youngren	Yng	22	5.4				
Youngren	Yng	23	5.5				
Youngren	Yng	24	5.55				
Youngren	Yng	25	5.7				
Youngren	Yng	26	6.0				
Youngren	Yng	27	6.2				
Youngren	Yng	28	7.1				
Youngren	Yng	29	7.6				
Youngren	Yng	31	8.9				
Youngren	Yng	32	9.3				
Youngren	Yng	33	9.7				
Youngren	Yng	34	10.0				
Youngren	Yng	35	10.4				
Youngren	Yng	36	11.0				
Youngren	Yng	37	11.5				
Youngren	Yng	38	12.0				
Youngren	Yng	39	12.4				
Youngren	Yng	40	12.95				
Youngren	Yng	41	13.5				
Youngren	Yng	42	14.9				
Youngren	Yng	43	15.1				
Youngren	Yng	44	15.6				
Youngren	Yng	46	16.2				
Youngren	Yng	47	16.3				
Youngren	Yng	48	16.5				
Youngren	Yng	49	17.0				
Youngren	Yng	50	17.3				
Youngren	Yng	53	17.9				
