Line,Abb,Ori,DTF
CS_6723,Gr-1,Austria,33
CS_6724,Gr-2,Austria,47
CS_6725,Gr-3,Austria,29
CS_6726,Gr-4,Austria,28
CS_6727,Gr-5,Austria,40
CS_6728,Gr-6,Austria,44
CS_3179,Gr3,Austria,28
CS_6740,In-0,Austria,
CS_6752,Ka-0,Austria,26
CS_6832,Pi-0,Austria,52
CS_6833,Pi-2,Austria,26
CS_22518,Tscha-1,Austria,46
CS_22612,Uod-1,Austria,46
CS_22613,Uod-7,Austria,59
CS_6603,An-1,Belgium,28
CS_22626,An-1,Belgium,29
CS_6604,An-2,Belgium,31
CS_6605,Ang-0,Belgium,41
CS_6606,Ang-1,Belgium,36
CS_6842,Pog-0,Canada,42
CS_6849,Ri-0,Canada,33
CS_6884,Van-0,Canada,29
CS_22627,Van-0,Canada,42
CS_6675,Cvi-0,Cape Verdi Islands,28
CS_22614,Cvi-0,Cape Verdi Islands,41
CS_8580,Cvi-1,Cape Verdi Islands,41
CS_22590,Bor-1,Czech Republic,37
CS_22591,Bor-4,Czech Republic,38
CS_22594,Lp2-2,Czech Republic,33
CS_22595,Lp2-6,Czech Republic,35
CS_22592,Pu-2-7,Czech Republic,66
CS_22593,Pu-2-23,Czech Republic,42
CS_22588,Zdr-1,Czech Republic,33
CS_22589,Zdr-6,Czech Republic,33
CS_6645,Blh-1,Czechoslovakia,53
CS_6657,Blh-2,Czechoslovakia,68
CS_6626,Br-0,Czechoslovakia,
CS_22628,Br-0,Czechoslovakia,55
CS_917,Da(1)-12,Czechoslovakia,24
CS_6685,Dra-0,Czechoslovakia,26
CS_6686,Dra-1,Czechoslovakia,29
CS_6687,Dra-2,Czechoslovakia,30
CS_923,H55,Czechoslovakia,35
CS_924,Je54,Czechoslovakia,30
CS_6743,Jl-1,Czechoslovakia,27
CS_6744,Jl-2,Czechoslovakia,28
CS_6745,Jl-3,Czechoslovakia,26
CS_6746,Jl-4,Czechoslovakia,30
CS_6747,Jl-5,Czechoslovakia,40
CS_6748,Jm-0,Czechoslovakia,26
CS_6749,Jm-1,Czechoslovakia,26
CS_6750,Jm-2,Czechoslovakia,26
CS_22446,PUZ-2,Czechoslovakia,
CS_22448,PUZ-5,Czechoslovakia,38
CS_22449,PUZ-8,Czechoslovakia,45
CS_22450,PUZ-10,Czechoslovakia,
CS_22451,PUZ-16,Czechoslovakia,39
CS_22452,PUZ-22,Czechoslovakia,54
CS_22453,PUZ-23,Czechoslovakia,39
CS_22454,PUZ-24,Czechoslovakia,47
CS_22455,PUZ-32,Czechoslovakia,39
CS_6846,Rak-2,Czechoslovakia,46
CS_6854,Sap-0,Czechoslovakia,38
CS_6856,Sav-0,Czechoslovakia,24
CS_6181,Sn(5)-1,Czechoslovakia,32
CS_6867,Ta-0,Czechoslovakia,46
CS_3109,Ber,Denmark,41
CS_6734,Hau-0,Denmark,
CS_6763,Ko-2,Denmark,59
CS_6699,Es-0,Finland,60
CS_6706,Fl-1,Finland,
CS_22604,Tamm-2,Finland,
CS_22605,Tamm-27,Finland,
CS_6918,Te-0,Finland,60
CS_6601,Ag-0,France,
CS_22630,Ag-0,France,56
CS_22519,Ange-1,France,28
CS_22520,Ann-1,France,67
CS_6661,Cen-0,France,38
CS_22521,Chat-1,France,28
CS_1080,Cit-0,France,
CS_22522,Com-1,France,34
CS_910,Di-G,France,28
CS_6680,Di-0,France,28
CS_6681,Di-1,France,26
CS_6682,Di-2,France,26
CS_6702,Et-0,France,53
CS_6732,Gy-0,France,33
CS_22631,Gy-0,France,33
CS_6784,Lm-2,France,26
CS_6788,Lz-0,France,35
CS_22615,Lz-0,France,41
CS_6801,Na-1,France,33
CS_6802,Nc-1,France,29
CS_6094,PHW-34,France,33
CS_6096,PHW-35,France,
CS_6098,PHW-36,France,31
CS_6099,PHW-37,France,67
CS_6838,Pn-0,France,24
CS_6844,Ra-0,France,24
CS_22632,Ra-0,France,52
CS_22253,REN-1,France,34
CS_22610,REN-1,France,28
CS_22255,REN-3,France,25
CS_22257,REN-5,France,21
CS_22263,REN-11,France,24
CS_22611,REN-11,France,34
CS_22269,REN-17,France,52
CS_22271,REN-19,France,21
CS_22272,REN-20,France,28
CS_22273,REN-21,France,38
CS_22275,REN-23,France,34
CS_22276,REN-24,France,24
CS_6847,Rou-0,France,33
CS_6600,Aa-0,Germany,43
CS_6602,Ak-1,Germany,31
CS_22313,ANH-1,Germany,53
CS_22314,ANH-2,Germany,53
CS_22315,ANH-3,Germany,55
CS_22316,ANH-4,Germany,53
CS_22317,ANH-5,Germany,60
CS_22318,ANH-6,Germany,63
CS_22319,ANH-7,Germany,60
CS_22320,ANH-8,Germany,61
CS_22321,ANH-9,Germany,63
CS_22322,ANH-10,Germany,60
CS_22323,ANH-11,Germany,60
CS_22324,ANH-12,Germany,55
CS_22325,ANH-13,Germany,55
CS_22326,ANH-14,Germany,55
CS_22327,ANH-15,Germany,55
CS_22328,ANH-16,Germany,55
CS_22329,ANH-17,Germany,55
CS_22330,ANH-18,Germany,55
CS_22331,ANH-19,Germany,53
CS_22332,ANH-20,Germany,50
CS_22333,ANH-21,Germany,53
CS_22334,ANH-22,Germany,55
CS_22335,ANH-23,Germany,53
CS_22336,ANH-24,Germany,60
CS_22337,ANH-25,Germany,60
CS_22338,ANH-26,Germany,60
CS_22339,ANH-27,Germany,61
CS_22340,ANH-28,Germany,61
CS_6608,Bay-0,Germany,24
CS_22633,Bay-0,Germany,24
CS_57923,Bay-0,Germany,28
CS_6609,Bch-1,Germany,28
CS_6610,Bch-3,Germany,31
CS_6611,Bch-4,Germany,24
CS_6612,Bd-0,Germany,28
CS_6613,Be-0,Germany,31
CS_6614,Be-1,Germany,28
CS_6630,Bsch-0,Germany,28
CS_6631,Bsch-2,Germany,24
CS_6632,Bu-0,Germany,31
CS_6633,Bu-2,Germany,28
CS_6634,Bu-3,Germany,38
CS_6635,Bu-4,Germany,28
CS_6636,Bu-5,Germany,29
CS_6637,Bu-6,Germany,24
CS_6638,Bu-7,Germany,24
CS_6639,Bu-8,Germany,24
CS_6640,Bu-9,Germany,28
CS_6641,Bu-11,Germany,28
CS_6642,Bu-13,Germany,28
CS_6646,Bu-14,Germany,28
CS_6647,Bu-15,Germany,24
CS_6648,Bu-17,Germany,24
CS_6649,Bu-18,Germany,24
CS_6650,Bu-19,Germany,28
CS_6651,Bu-20,Germany,24
CS_6652,Bu-21,Germany,25
CS_6653,Bu-22,Germany,24
CS_6654,Bu-23,Germany,24
CS_6655,Bu-24,Germany,28
CS_6656,Bu-25,Germany,28
CS_6658,Ca-0,Germany,28
CS_6676,Da-0,Germany,28
CS_6677,Db-0,Germany,28
CS_6678,Db-1,Germany,24
CS_6679,Db-2,Germany,29
CS_6683,Do-0,Germany,
CS_6684,Dr-0,Germany,26
CS_6689,Ei-2,Germany,40
CS_22616,Ei-2,Germany,40
CS_6690,Ei-4,Germany,40
CS_6691,Ei-5,Germany,46
CS_6692,Ei-6,Germany,26
CS_6693,Eil-0,Germany,26
CS_6694,El-0,Germany,26
CS_6695,En-1,Germany,26
CS_6696,En-2,Germany,28
CS_6697,Ep-0,Germany,26
CS_6698,Er-0,Germany,40
CS_6173,Est,Germany,26
CS_6703,Fe-1,Germany,33
CS_6704,Fi-0,Germany,
CS_6705,Fi-1,Germany,26
CS_6708,Fr-2,Germany,26
CS_6709,Fr-3,Germany,26
CS_6710,Fr-4,Germany,26
CS_6711,Fr-5,Germany,28
CS_6712,Fr-6,Germany,28
CS_6713,Fr-7,Germany,26
CS_6714,Ga-0,Germany,30
CS_22634,Ga-0,Germany,33
CS_6715,Ga-2,Germany,26
CS_6716,Gd-1,Germany,26
CS_6720,Gie-0,Germany,26
CS_6721,Go-0,Germany,26
CS_6722,Go-2,Germany,26
CS_22277,GOT-1,Germany,
CS_22278,GOT-2,Germany,
CS_22279,GOT-3,Germany,
CS_22280,GOT-4,Germany,
CS_22281,GOT-5,Germany,
CS_22282,GOT-6,Germany,
CS_22283,GO-T7,Germany,
CS_22608,GO-T7,Germany,
CS_22284,GOT-8,Germany,
CS_22285,GOT-9,Germany,
CS_22286,GOT-10,Germany,
CS_22287,GOT-11,Germany
CS_22288,GOT-12,Germany
CS_22289,GOT-13,Germany
CS_22290,GOT-14,Germany
CS_22291,GOT-15,Germany
CS_22292,GOT-16,Germany
CS_22293,GOT-17,Germany
CS_22294,GOT-18,Germany
CS_22295,GOT-19,Germany
CS_22296,GOT-20,Germany
CS_22297,GOT-21,Germany
CS_22298,GOT-22,Germany
CS_22609,GOT-22,Germany
CS_22299,GOT-23,Germany
CS_22300,GOT-24,Germany
CS_22301,GOT-25,Germany
CS_22302,GOT-26,Germany,
CS_22303,GOT-27,Germany,
CS_22304,GOT-28,Germany,
CS_22305,GOT-29,Germany,
CS_22306,GOT-30,Germany,
CS_22307,GOT-31,Germany,66
CS_22308,GOT-32,Germany,
CS_22309,GOT-33,Germany,
CS_22310,GOT-34,Germany,
CS_22311,GOT-35,Germany,
CS_22312,GOT-36,Germany,
CS_6730,Gu-0,Germany,26
CS_22617,Gu-0,Germany,26
CS_6731,Gu-1,Germany,26
CS_6733,Ha-0,Germany,26
CS_6735,Hh-0,Germany,
CS_6737,Hl-0,Germany,29
CS_6738,Hl-2,Germany,33
CS_6904,Hl-3,Germany,26
CS_6739,Hn-0,Germany,28
CS_6905,Hs-0,Germany,32
CS_6741,Is-0,Germany,30
CS_6906,Is-1,Germany,35
CS_6742,Je-0,Germany,47
CS_6753,Kb-0,Germany,26
CS_6100,Kelsterbach-1,Germany,27
CS_6102,Kelsterbach-2,Germany,26
CS_6103,Kelsterbach-3,Germany,26
CS_6105,Kelsterbach-4,Germany,26
CS_6756,Kl-0,Germany,26
CS_6757,Kl-1,Germany,26
CS_1278,Kl-2,Germany,54
CS_6759,Kl-3,Germany,33
CS_6760,Kl-4,Germany,30
CS_6761,Kl-5,Germany,26
CS_6764,Kr-0,Germany,26
CS_6766,Kro-0,Germany,26
CS_3886,Krot-0,Germany,33
CS_3887,Krot-1,Germany,30
CS_3888,Krot-2,Germany,33
CS_6765,La-0,Germany,26
CS_6767,La-1,Germany,36
CS_20,Ler-0,Germany,26
CS_24238,Ler-0,Germany,26
CS_24596,Ler-0,Germany,26
CS_6928,Ler-1,Germany,27
CS_22618,Ler-1,Germany,27
CS_8581,Ler-2,Germany,26
CS_6771,Li-1,Germany,28
CS_6908,Li-2,Germany,
CS_6772,Li-2:1,Germany,36
CS_1316,Li-3,Germany,26
CS_6774,Li-3:3,Germany,
CS_6775,Li-5,Germany,26
CS_6909,Li-5:2,Germany,
CS_6776,Li-5:3,Germany,56
CS_6777,Li-6,Germany,55
CS_1328,Li-6:1,Germany,
CS_6778,Li-7,Germany,27
CS_6779,Li-8,Germany,28
CS_6911,Li-10,Germany,41
CS_6785,Lo-1,Germany,33
CS_6786,Lo-2,Germany,33
CS_6787,Loh-0,Germany,33
CS_6789,Ma-0,Germany,26
CS_6790,Ma-2,Germany,26
CS_1364,Me-0,Germany,26
CS_6794,Mnz-0,Germany,28
CS_6796,Mrk-0,Germany,36
CS_22635,Mrk-0,Germany,36
CS_6800,Mz-0,Germany,26
CS_22636,Mz-0,Germany,26
CS_6803,Nd-0,Germany,26
CS_1636,Nd-1,Germany,26
CS_6922,Nd-1,Germany,26
CS_22619,Nd-1,Germany,26
CS_6804,Nie-0,Germany,38
CS_3081,No-0,Germany,24
CS_6805,No-0,Germany,24
CS_24239,No-0,Germany,24
CS_6806,Np-0,Germany,28
CS_6811,Nw-0,Germany,24
CS_6812,Nw-1,Germany,26
CS_6813,Nw-2,Germany,24
CS_6814,Nw-3,Germany,24
CS_6815,Nw-4,Germany,24
CS_6816,Ob-0,Germany,31
CS_6817,Ob-1,Germany,24
CS_6818,Ob-2,Germany,31
CS_6819,Ob-3,Germany,38
CS_6820,Old-1,Germany,27
CS_6821,Old-2,Germany,28
CS_6822,Or-0,Germany,24
CS_6823,Ove-0,Germany,34
CS_6831,Pf-0,Germany,28
CS_6045,PHW-3,Germany,38
CS_6839,Po-0,Germany,34
CS_6840,Po-1,Germany,52
CS_6841,Pr-0,Germany,38
CS_6843,Pt-0,Germany,42
CS_6845,Rd-0,Germany,24
CS_6851,Ru-0,Germany,27
CS_6858,Sg-1,Germany,38
CS_6859,Sg-2,Germany,32
CS_6860,Sh-0,Germany,38
CS_6861,Si-0,Germany,42
CS_6862,Sp-0,Germany,52
CS_6864,Ste-0,Germany,33
CS_6879,Uk-1,Germany,54
CS_6881,Uk-2,Germany,38
CS_6880,Uk-3,Germany,52
CS_6882,Uk-4,Germany,38
CS_6883,Vi-0,Germany,31
CS_6886,Wc-1,Germany,27
CS_6887,Wc-2,Germany,38
CS_6920,Wl-0,Germany,31
CS_6892,Wt-1,Germany,49
CS_6893,Wt-2,Germany,52
CS_6894,Wt-3,Germany,38
CS_6895,Wt-4,Germany,38
CS_6896,Wt-5,Germany,33
CS_22637,Wt-5,Germany,38
CS_6897,Wu-0,Germany,38
CS_903,Kas-1,India,
CS_3880,Kas-1,India,48
CS_6751,Kas-2,India,34
CS_22638,Kas-2,India,43
CS_6643,Bur-0,Ireland,36
CS_22656,Bur-0,Ireland,36
CS_6615,Bl-1,Italy,50
CS_22523,Cerv-1,Italy,
CS_6674,Ct-1,Italy,28
CS_22639,Ct-1,Italy,31
CS_6798,Mir-0,Italy,
CS_6795,Mr-0,Italy,
CS_22640,Mr-0,Italy,
CS_6825,Pa-1,Italy,31
CS_6826,Pa-2,Italy,24
CS_6827,Pa-3,Italy,27
CS_6042,PHW-1,Italy,60
CS_6044,PHW-2,Italy,69
CS_22524,Rome-1,Italy,47
CS_6853,Sei-0,Italy,24
CS_22525,Tiv-1,Italy,
CS_6875,Tu-0,Italy,46
CS_6876,Tu-1,Italy,46
CS_3963,Gifu-2,Japan,55
CS_3964,Kyoto,Japan,40
CS_22456,Sapporo-0,Japan,26
CS_6874,Tsu-0,Japan,31
CS_6926,Tsu-1,Japan,46
CS_22641,Tsu-1,Japan,46
CS_22468,9354,Kazakhstan,25
CS_22458,9481,Kazakhstan,30
CS_22459,9481A,Kazakhstan,32
CS_22460,9481B,Kazakhstan,43
CS_22461,9481C,Kazakhstan,42
CS_22462,9481D,Kazakhstan,32
CS_22435,KZ-1,Kazakhstan,34
CS_22606,KZ-1,Kazakhstan,25
CS_22436,KZ-2,Kazakhstan,25
CS_22437,KZ-4,Kazakhstan,28
CS_22438,KZ-6,Kazakhstan,32
CS_22439,KZ-7,Kazakhstan,32
CS_22440,KZ-8,Kazakhstan,32
CS_22441,KZ-9,Kazakhstan,32
CS_22607,KZ-9,Kazakhstan,32
CS_22442,KZ-10,Kazakhstan,28
CS_22443,KZ-11,Kazakhstan,28
CS_22444,KZ-12,Kazakhstan,25
CS_22445,KZ-13,Kazakhstan,28
CS_22465,RC1058A,Kazakhstan,21
CS_6799,Mt-0,Libya,26
CS_22642,Mt-0,Libya,26
CS_6762,Kn-0,Lithuania,26
CS_925,Litva,Lithuania,29
CS_1244,Ita-0,Morocco,
CS_22526,Amel-1,Netherlands,53
CS_22528,Appt-1,Netherlands,56
CS_22529,Baa-1,Netherlands,53
CS_22530,Benk-1,Netherlands,
CS_22531,Benk-2,Netherlands,42
CS_22532,Ede-1,Netherlands,33
CS_22533,Gel-1,Netherlands,26
CS_22534,Hey-1,Netherlands,35
CS_6736,Hi-0,Netherlands,26
CS_6770,Le-0,Netherlands,35
CS_6807,Nok-0,Netherlands,39
CS_6808,Nok-1,Netherlands,42
CS_6809,Nok-2,Netherlands,38
CS_6810,Nok-3,Netherlands,45
CS_22643,Nok-3,Netherlands,42
CS_6090,PHW-32,Netherlands,
CS_6092,PHW-33,Netherlands,67
CS_22535,Renk-1,Netherlands,33
CS_22536,Rhen-1,Netherlands,
CS_914,S96,Netherlands,46
CS_22537,Tha-1,Netherlands,52
CS_6150,Utrecht,Netherlands,38
CS_22538,Ven-1,Netherlands,
CS_22539,Ven-2,Netherlands,47
CS_22540,Wag-1,Netherlands,31
CS_22541,Wag-2,Netherlands,59
CS_22542,Wag-3,Netherlands,
CS_22543,Wag-4,Netherlands,
CS_22544,Wag-5,Netherlands,27
CS_22545,Wag-6,Netherlands,
CS_22546,Werl-1,Netherlands,46
CS_22661,Nz1,New Zealand,24
CS_6824,Oy-0,Norway,38
CS_22658,Oy-0,Norway,31
CS_6929,Oy-1,Norway,31
CS_6780,Lip-0,Poland,33
CS_6792,Mh-0,Poland,26
CS_6793,Mh-1,Poland,26
CS_6885,Wa-1,Poland,31
CS_22644,Wa-1,Poland,38
CS_3180,Co,Portugal,40
CS_6669,Co-1,Portugal,28
CS_6670,Co-2,Portugal,37
CS_6671,Co-3,Portugal,48
CS_6672,Co-4,Portugal,49
CS_22645,Fei-0,Portugal,29
CS_22673,Ors-2,Romania,62
CS_22674,Gdn-0,Romania,42
CS_22672,Ors-1,Rumania,60
CS_6664,Chi-0,Russia,38
CS_6665,Chi-1,Russia,28
CS_6666,Chi-2,Russia,28
CS_919,Di-M,Russia,28
CS_6700,Est-0,Russia,26
CS_6701,Est-1,Russia,26
CS_22629,Est-1,Russia,26
CS_6797,Ms-0,Russia,28
CS_22655,Ms-0,Russia,53
CS_22479,N1,Russia,
CS_22480,N2,Russia,46
CS_22481,N3,Russia,40
CS_22482,N4,Russia,52
CS_22483,N5,Russia,45
CS_22484,N6,Russia,47
CS_22485,N7,Russia,32
CS_22486,N8,Russia,40
CS_22487,N9,Russia,38
CS_22488,N10,Russia,39
CS_22489,N11,Russia,33
CS_22490,N12,Russia,44
CS_22491,N13,Russia,39
CS_22621,N13,Russia,34
CS_22492,N14,Russia,
CS_22493,N15,Russia,39
CS_22494,N16,Russia,40
CS_22495,N17,Russia,45
CS_22496,N18,Russia,45
CS_6828,Per-1,Russia,46
CS_6829,Per-2,Russia,56
CS_6830,Per-3,Russia,52
CS_926,Petergof,Russia,33
CS_6927,RLD-2,Russia,24
CS_6848,Rsch-0,Russia,38
CS_6850,Rsch-4,Russia,26
CS_6865,Stw-0,Russia,40
CS_6888,Wil-1,Russia,26
CS_6889,Wil-2,Russia,24
CS_6890,Wil-3,Russia,24
CS_915,Ws,Russia,29
CS_6891,Ws-0,Russia,
CS_22623,Ws-0,Russia,
CS_2223,Ws-1,Russia,29
CS_2360,Ws-2,Russia,29
CS_22659,Ws-2,Russia,29
CS_6924,Ws-3,Russia,29
CS_5390,Ws-4,Russia,29
CS_1656,Alc-0,Spain,
CS_6616,Bla-1,Spain,53
CS_6617,Bla-2,Spain,60
CS_6618,Bla-3,Spain,56
CS_6619,Bla-4,Spain,41
CS_6620,Bla-5,Spain,
CS_6621,Bla-6,Spain,53
CS_6622,Bla-10,Spain,70
CS_6623,Bla-11,Spain,56
CS_6624,Bla-12,Spain,24
CS_6625,Bla-14,Spain,28
CS_6660,Can-0,Spain,67
CS_6781,Ll-0,Spain,49
CS_22650,LL-0,Spain,43
CS_6782,Ll-1,Spain,47
CS_6783,Ll-2,Spain,26
CS_6834,Pla-0,Spain,52
CS_6835,Pla-1,Spain,42
CS_6916,Pla-2,Spain,67
CS_6836,Pla-3,Spain,52
CS_6837,Pla-4,Spain,52
CS_22649,Pro-0,Spain,31
CS_6917,Sah-0,Spain,
CS_6852,Se-0,Spain,54
CS_22646,Se-0,Spain,52
CS_6855,Sf-1,Spain,54
CS_6857,Sf-2,Spain,52
CS_6868,Ts-1,Spain,52
CS_22647,Ts-1,Spain,52
CS_6869,Ts-2,Spain,34
CS_6870,Ts-3,Spain,38
CS_6871,Ts-5,Spain,67
CS_22648,Ts-5,Spain,67
CS_6872,Ts-6,Spain,61
CS_6873,Ts-7,Spain,24
CS_22547,Arby-1,Sweden,
CS_22578,Bil-5,Sweden,
CS_22579,Bil-7,Sweden,
CS_22572,Eden-1,Sweden,
CS_22573,Eden-2,Sweden,
CS_22548,Eri-1,Sweden,26
CS_22576,Fab-2,Sweden,
CS_22577,Fab-4,Sweden,
CS_22574,Lov-1,Sweden,
CS_22575,Lov-5,Sweden,
CS_1352,Lu-1,Sweden,45
CS_6183,M3385S,Sweden,
CS_6186,M7943S,Sweden,
CS_22584,Omo-2-1,Sweden,
CS_22585,Omo-2-3,Sweden,56
CS_1430,Ost-0,Sweden,73
CS_22582,Spr1-2,Sweden,
CS_22583,Spr1-6,Sweden,
CS_6863,St-0,Sweden,52
CS_22549,Ting-1,Sweden,
CS_22587,Ull-2-3,Sweden,33
CS_22586,Ull-2-5,Sweden,
CS_22580,Var-2-1,Sweden,
CS_22581,Var-2-6,Sweden,
CS_6627,Bs-1,Switzerland,28
CS_6628,Bs-2,Switzerland,28
CS_6629,Bs-5,Switzerland,29
CS_6662,Cha-0,Switzerland,53
CS_1070,Cha-1,Switzerland,
CS_6717,Ge-0,Switzerland,
CS_6718,Ge-1,Switzerland,42
CS_6719,Ge-2,Switzerland,
CS_6182,Wei-0,Switzerland,24
CS_22622,Wei-0,Switzerland,24
CS_6925,Wei-1,Switzerland,24
CS_6902,Zu-0,Switzerland,
CS_6903,Zu-1,Switzerland,27
CS_6175,Condara,Tadjikistan,31
CS_6176,En-T,Tadjikistan,26
CS_6177,En-T,Tadjikistan,26
CS_6178,Hodja-Obi-Garm,Tadjikistan,40
CS_916,Kondara,Tadjikistan,43
CS_22651,Kondara,Tadjikistan,36
CS_6180,Sha,Tadjikistan,36
CS_22652,Sha,Tadjikistan,36
CS_24597,Sha,Tadjikistan,32
CS_57924,Sha,Tadjikistan,36
CS_931,Sorbo,Tadjikistan,40
CS_22653,Sorbo,Tadjikistan,39
CS_932,Abd-0,UK,47
CS_22550,Alst-1,UK,36
CS_6607,Ba-1,UK,
CS_22551,Boot-1,UK,31
CS_6659,Cal-0,UK,31
CS_22220,CIBC-1,UK,42
CS_22221,CIBC-2,UK,55
CS_22223,CIBC-4,UK,43
CS_22224,CIBC-5,UK,60
CS_22602,CIBC-5,UK,34
CS_22225,CIBC-6,UK,60
CS_22226,CIBC-7,UK,60
CS_22229,CIBC-10,UK,53
CS_22230,CIBC-11,UK,
CS_22231,CIBC-12,UK,60
CS_22232,CIBC-13,UK,56
CS_22233,CIBC-14,UK,
CS_22234,CIBC-15,UK,63
CS_22235,CIBC-16,UK,49
CS_22236,CIBC-17,UK,36
CS_22603,CIBC-17,UK,32
CS_22237,CIBC-18,UK,49
CS_22238,CIBC-19,UK,60
CS_22239,CIBC-20,UK,49
CS_6921,Cnt-1,UK,32
CS_22552,Durh-1,UK,35
CS_22553,Durh-2,UK,30
CS_6688,Edi-0,UK,
CS_22657,Edi-0,UK,
CS_6923,Ema-1,UK,33
CS_22205,HR-5,UK,28
CS_22596,HR-5,UK,28
CS_22208,HR-8,UK,32
CS_22597,HR-10,UK,26
CS_22213,HR-14,UK,29
CS_22214,HR-15,UK,32
CS_22216,HR-17,UK,36
CS_22554,Jedb-1,UK,26
CS_6754,Kil-0,UK,26
CS_1634,Ksk-1,UK,33
CS_6768,Lan-0,UK,26
CS_22555,Laud-1,UK,26
CS_6769,Lc-0,UK,26
CS_22556,Lind-1,UK,26
CS_1362,Mc-0,UK,
CS_22598,NFA-8,UK,26
CS_22599,NFA-10,UK,26
CS_22182,NFC-1,UK,
CS_22183,NFC-2,UK,59
CS_22184,NFC-3,UK,55
CS_22185,NFC-4,UK,55
CS_22186,NFC-5,UK,60
CS_22187,NFC-6,UK,52
CS_22189,NFC-8,UK,59
CS_22190,NFC-9,UK,52
CS_22191,NFC-10,UK,60
CS_22192,NFC-11,UK,59
CS_22194,NFC-13,UK,56
CS_22195,NFC-14,UK,55
CS_22196,NFC-15,UK,55
CS_22197,NFC-16,UK,55
CS_22198,NFC-17,UK,55
CS_22199,NFC-18,UK,52
CS_22201,NFC-20,UK,59
CS_22163,NFE-1,UK,56
CS_22167,NFE-5,UK,52
CS_22168,NFE-6,UK,
CS_22169,NFE-7,UK,56
CS_22170,NFE-8,UK,54
CS_22171,NFE-9,UK,56
CS_22172,NFE-10,UK,59
CS_22177,NFE-15,UK,52
CS_22178,NFE-16,UK,54
CS_22179,NFE-17,UK,66
CS_22180,NFE-18,UK,59
CS_22181,NFE-19,UK,61
CS_22557,Ottb-1,UK,34
CS_6047,PHW-4,UK,38
CS_6048,PHW-5,UK,46
CS_6049,PHW-6,UK,46
CS_6051,PHW-7,UK,52
CS_6053,PHW-9,UK,56
CS_6055,PHW-10,UK,
CS_6057,PHW-11,UK,38
CS_6059,PHW-12,UK,33
CS_6060,PHW-13,UK,33
CS_6061,PHW-14,UK,54
CS_6062,PHW-15,UK,46
CS_6064,PHW-16,UK,31
CS_6066,PHW-17,UK,33
CS_6068,PHW-18,UK,33
CS_6070,PHW-19,UK,42
CS_6071,PHW-20,UK,38
CS_6073,PHW-21,UK,39
CS_6075,PHW-22,UK,54
CS_6077,PHW-23,UK,28
CS_6078,PHW-24,UK,60
CS_6079,PHW-25,UK,34
CS_6081,PHW-26,UK,52
CS_6082,PHW-27,UK,54
CS_6083,PHW-28,UK,
CS_6085,PHW-29,UK,
CS_6086,PHW-30,UK,
CS_6088,PHW-31,UK,
CS_22558,Ragl-1,UK,33
CS_22559,Rasc-1,UK,31
CS_22600,Sq-1,UK,49
CS_22243,Sq-4,UK,32
CS_22601,Sq-8,UK,32
CS_1540,Su-0,UK,
CS_6878,Ty-0,UK,54
CS_22560,Vind-1,UK,31
UK_1 Abe1dNA,,UK,
UK_10 Bra1dNA,,UK,
UK_100 Por1dNA,,UK,
UK_102 Hart1dNA,,UK,
UK_103 Cht1dNA,,UK,
UK_105 Whiz1dNA,,UK,
UK_106 MEp 1dNA,,UK,
UK_109 She1dNA,,UK,
UK_11 Brm1dNA,,UK,
UK_115 Kla1dNA,,UK,
UK_116 LCa1dNA,,UK,
UK_117 ChK1dNA,,UK
UK_118 Ken1dNA,,UK
UK_119 Mal1dNA,,UK
UK_12 Bur 1dNA,,UK
UK_121 Led1dNA,,UK
UK_122 Bad1,,UK
UK_123 Cor1,,UK
UK_125 Bat 1,,UK
UK_126 War1,,UK
UK_129 Tri1,,UK
UK_13 Cal 2,,UK
UK_133 Ard 1,,UK
UK_134 Ard2,,UK
UK_135 Ard 3,,UK
UK_136 Ard4,,UK
UK_137 Ard5,,UK
UK_138 Ard6,,UK
UK_139 Ard2,,UK
UK_14 Cam1,,UK
UK_140 Bod1,,UK
UK_15 Chi1,,UK
UK_16 Chr1,,UK
UK_17 Chs1,,UK
UK_18 Ci1,,UK
UK_19 Cnt1,,UK
UK_2 Aco1,,UK
UK_20 Cnt2,,UK
UK_21 Cnt3,,UK
UK_22 Coe1,,UK
UK_24 Crl1,,UK
UK_25 Crl2,,UK
UK_26 Cul1,,UK
UK_27 Duc1,,UK
UK_28 Dun1,,UK
UK_29 Edi1,,UK
UK_3 Amb1,,UK
UK_30 Edi2,,UK
UK_31  Ema1,,UK
UK_32 Emm1,,UK
UK_33 Fab1,,UK
UK_34 Far1,,UK
UK_35 Fav1,,UK
UK_36 For1,,UK
UK_37 Frd 1,,UK
UK_38 God1,,UK
UK_39 Han1,,UK
UK_4 Asp1,,UK
UK_40 Hil1,,UK
UK_41 Igt1,,UK
UK_42 Inv1,,UK
UK_43 Kil1,,UK
UK_44 Ksk1,,UK
UK_45 Ksk2,,UK
UK_46 Kyl1,,UK
UK_47 Lan1,,UK
UK_48 Laz1,,UK
UK_49 Leg1,,UK
UK_5 Ban2,,UK
UK_50 Lha1,,UK
UK_51 Lwe1,,UK
UK_52 MC1,,UK
UK_53 Mit 1,,UK
UK_54 Nor1,,UK
UK_55 Not1,,UK
UK_56 Nun1,,UK
UK_57 Pdw1,,UK
UK_58 Pee1,,UK
UK_59 Pen 1,,UK
UK_60 Pet1,,UK
UK_61 Ply1,,UK
UK_62 Poo1,,UK
UK_63 Rip 1,,UK
UK_64 Roc1,,UK
UK_65 Rot1,,UK
UK_66 Sco1,,UK
UK_67 Set1,,UK
UK_68 Ser 1,,UK
UK_69 Sis1,,UK
UK_7 Bek1,,UK
UK_71 Sta1,,UK
UK_72 Sma 1,,UK
UK_73 Sna1,,UK
UK_75 Sou1,,UK
UK_76 Siz1,,UK
UK_77 Su 1,,UK
UK_78 Tea 1,,UK
UK_79 Ty 1,,UK
UK_8 Bid 1,,UK
UK_80 Unt1,,UK
UK_81 Wen1,,UK
UK_82 Wig1,,UK
UK_83 Wim1,,UK
UK_84 Wis 1,,UK
UK_85 Wma1,,UK
UK_86 Wye1,,UK
UK_87 Bog2,,UK
UK_88 Lee1,,UK
UK_89 Bet1,,UK
UK_9 Big1,,UK
UK_90 Bak1,,UK
UK_91 Roy 1,,UK
UK_92 Che 1,,UK
UK_93 Rut1,,UK
UK_95 Fof1,,UK
UK_97 Sha 1,,UK
UK_99 Sou1,,UK
UK_KT06001,,UK
UK_KT06061,,UK
UK_KT06062,,UK
UK_KT06063,,UK
UK_KT06064,,UK
UK_KT06065,,UK
UK_KT06066,,UK
UK_KT06067,,UK
UK_KT06068,,UK
UK_KT06069,,UK
UK_KT06070,,UK
UK_KT06071,,UK
UK_KT06072,,UK
UK_KT06073,,UK
UK_KT06075,,UK
UK_KT06076,,UK
UK_KT06078,,UK
UK_KT06079,,UK
UK_KT06081,,UK
UK_KT06082,,UK
UK_KT06083,,UK
UK_KT06084,,UK
UK_KT06085,,UK
UK_KT06112,,UK
UK_KT06113,,UK
UK_KT06114,,UK
UK_KT06115,,UK
UK_KT06118,,UK
UK_KT06119,,UK
UK_KT06132,,UK
UK_KT06133,,UK
UK_KT06141,,UK
UK_KT06142,,UK
UK_KT06143,,UK
UK_KT06144,,UK
UK_KT06145,,UK
UK_KT06151,,UK
UK_KT06152,,UK
UK_KT06153,,UK
UK_KT06154,,UK
UK_KT06155,,UK
UK_KT06161,,UK
UK_KT06162,,UK
UK_KT06163,,UK
UK_KT06165,,UK
UK_KT06171,,UK
UK_KT06172,,UK
UK_KT06173,,UK
UK_KT06174,,UK
UK_KT06175,,UK
UK_KT06176,,UK
UK_KT06177,,UK
UK_KT06178,,UK
UK_KT06179,,UK
UK_KT06180,,UK
UK_KT06191,,UK
UK_KT06192,,UK
UK_KT06194,,UK
UK_KT06195,,UK
UK_KT06201,,UK
UK_KT06202,,UK
UK_KT06203,,UK
UK_KT06204,,UK
UK_KT06205,,UK
UK_KT06211,,UK
UK_KT06212,,UK
UK_KT06213,,UK
UK_KT06214,,UK
UK_KT06215,,UK
UK_KT06216,,UK
UK_KT06217,,UK,
UK_KT06218,,UK,
UK_KT06219,,UK,
CS_920,En-D,Ukraine,26
CS_927,Rubezhnoe-1,Ukraine,54
CS_928,Rubezhnoe-2,Ukraine,61
CS_906,C24,Unknown,36
CS_22620,C24,Unknown,36
CS_6668,Cl-0,Unknown,28
CS_163,ER,Unknown,26
CS_3177,ER,Unknown,26
CS_6184,M7323S,Unknown,33
CS_6185,M7884S,Unknown,48
CS_913,RLD-1,Unknown,24
CS_6195,Wu,Unknown,34
CS_6898,X-0,Unknown,52
CS_6899,XX-0,Unknown,52
CS_6900,XXX-0,Unknown,33
CS_22564,RRS-7,USA,45
CS_22565,RRS-10,USA,56
BRN_1,,USA,66
BRN_10,,USA,60
BRN_11,,USA,69
BRN_12,,USA,67
BRN_17,,USA,56
BRN_19,,USA,56
BRN_2,,USA,62
BRN_20,,USA,62
BRN_21,,USA,62
BRN_22,,USA,69
BRN_24,,USA,58
BRN_27,,USA,58
BRN_28,,USA,61
BRN_29,,USA,51
BRN_3,,USA,57
BRN_32,,USA,54
BRN_35,,USA,56
BRN_36,,USA,64
BRN_37,,USA,63
BRN_38,,USA,56
BRN_4,,USA,57
BRN_6,,USA,59
BRN_9,,USA,62
DUCKLKSP_1,,USA,64
DUCKLKSP_12,,USA,68
DUCKLKSP_14,,USA,62
DUCKLKSP_15,,USA,61
DUCKLKSP_18,,USA,70
DUCKLKSP_19,,USA,56
DUCKLKSP_2,,USA,60
DUCKLKSP_22,,USA,63
DUCKLKSP_23,,USA,63
DUCKLKSP_24,,USA,57
DUCKLKSP_25,,USA,66
DUCKLKSP_27,,USA,62
DUCKLKSP_28,,USA,62
DUCKLKSP_3,,USA,66
DUCKLKSP_30,,USA,61
DUCKLKSP_32,,USA,62
DUCKLKSP_37,,USA,57
DUCKLKSP_38,,USA,75
DUCKLKSP_40,,USA,64
DUCKLKSP_41,,USA,64
DUCKLKSP_42,,USA,63
DUCKLKSP_43,,USA,64
DUCKLKSP_46,,USA,63
DUCKLKSP_48,,USA,57
DUCKLKSP_49,,USA,62
DUCKLKSP_51,,USA,60
DUCKLKSP_52,,USA,62
DUCKLKSP_53,,USA,65
DUCKLKSP_54,,USA,65
DUCKLKSP_55,,USA,60
DUCKLKSP_56,,USA,71
DUCKLKSP_57,,USA,47
DUCKLKSP_59,,USA,73
DUCKLKSP_6,,USA,60
DUCKLKSP_60,,USA,71
DUCKLKSP_61,,USA,67
DUCKLKSP_63,,USA,60
DUCKLKSP_64,,USA,62
DUCKLKSP_67,,USA,64
DUCKLKSP_69,,USA,61
DUCKLKSP_7,,USA,64
DUCKLKSP_71,,USA,65
DUCKLKSP_73,,USA,65
DUCKLKSP_9,,USA,64
GR_6/271MN1,,USA,63
GR_6/271MN2,,USA,61
GR_6/271MN3,,USA,56
GR_6/271MN4,,USA,56
GR_6/271MN5,,USA,64
GR_6/271MN6,,USA,63
GR_6/271MN7,,USA,56
GR_6/271MN8,,USA,55
GR_6/271N1,,USA,63
GR_6/271N2,,USA,59
GR_6/271N3,,USA,51
GR_6/271N4,,USA,61
GR_6/271N5,,USA,61
GR_6/271N6,,USA,55
GR_6/271N7,,USA,65
GR_6/272MN1,,USA,65
GR_6/272MN2,,USA,62
GR_6/272MN3,,USA,64
GR_6/272MN4,,USA,59
GR_6/272N1,,USA,55
GR_6/272N2,,USA,54
GR_6/272N3,,USA,53
GR_6/272N5,,USA,60
GR_6/272N6,,USA,62
GR_6/273MN1,,USA,59
GR_6/273MN2,,USA,61
GR_6/273MN3,,USA,61
GR_6/27M1,,USA,59
GR_6/27M2,,USA,61
GR_6/27M3,,USA,60
GR_6/27M4,,USA,53
GR_6/27M5,,USA,60
GR_6/27M6,,USA,57
GR_6/27X1,,USA,50
GR_6/27X2,,USA,54
GR_6/27X3,,USA,62
GR_6/27X4,,USA,53
GR_6/27X5,,USA,66
GR_6/27X6,,USA,47
HAZ_1,,USA,63
HAZ_12,,USA,70
HAZ_13,,USA,64
HAZ_14,,USA,58
HAZ_15,,USA,60
HAZ_16,,USA,62
HAZ_17,,USA,64
HAZ_18,,USA,62
HAZ_19,,USA,64
HAZ_20,,USA,58
HAZ_21,,USA,62
HAZ_22,,USA,63
HAZ_23,,USA,70
HAZ_24,,USA,65
HAZ_25,,USA,60
HAZ_26,,USA,67
HAZ_27,,USA,67
HAZ_28,,USA,67
HAZ_29,,USA,63
HAZ_3,,USA,67
HAZ_30,,USA,64
HAZ_31,,USA,56
HAZ_32,,USA,57
HAZ_33,,USA,57
HAZ_35,,USA,63
HAZ_36,,USA,65
HAZ_37,,USA,65
HAZ_39,,USA,61
HAZ_40,,USA,55
HAZ_41,,USA,61
HAZ_5,,USA,61
HAZ_6,,USA,65
HAZ_7,,USA,61
HAZ_8,,USA,60
HAZ_9,,USA,64
KBSMAC_1,,USA,35
KBSMAC_13,,USA,46
KBSMAC_15,,USA,43
KBSMAC_16,,USA,115
KBSMAC_17,,USA,36
KBSMAC_22 ,,USA,127
KBSMAC_23,,USA,47
KBSMAC_26,,USA,102
KBSMAC_28,,USA,88
KBSMAC_3,,USA,39
KBSMAC_30,,USA,87
KBSMAC_33,,USA,61
KBSMAC_34,,USA,92
KBSMAC_36,,USA,76
KBSMAC_41,,USA,65
KBSMAC_43,,USA,120
KBSMAC_48,,USA,73
KBSMAC_51,,USA,62
KBSMAC_53,,USA,61
KBSMAC_54,,USA,61
KBSMAC_56,,USA,61
KBSMAC_58,,USA,80
KBSMAC_6,,USA,74
KBSMAC_62,,USA,69
KBSMAC_64,,USA,70
KBSMAC_68,,USA,65
KBSMAC_72,,USA,74
KBSMAC_73,,USA,95
KBSMAC_74,,USA,65
KBSMAC_76,,USA,65
KBSMAC_78,,USA,73
KBSMAC_79,,USA,64
KBSMAC_8,,USA,78
KBSMAC_80,,USA,64
KBSMAC_88,,USA,32
KBSMAC_89,,USA,65
KBSMAC_91,,USA,64
KBSMAC_95,,USA,69
KBSMAC_96,,USA,73
KER_1,,USA,61
KER_10,,USA,61
KER_11,,USA,64
KER_13,,USA,64
KER_14,,USA,64
KER_17,,USA,60
KER_18,,USA,61
KER_21,,USA,63
KER_23,,USA,65
KER_24,,USA,62
KER_25,,USA,62
KER_26,,USA,63
KER_27,,USA,63
KER_28,,USA,63
KER_29,,USA,58
KER_3,,USA,39
KER_30,,USA,65
KER_31,,USA,61
KER_32,,USA,62
KER_33,,USA,63
KER_35,,USA,64
KER_36,,USA,63
KER_38,,USA,73
KER_39,,USA,63
KER_4,,USA,62
KER_40,,USA,67
KER_41,,USA,67
KER_42,,USA,63
KER_43,,USA,62
KER_44,,USA,63
KER_5,,USA,62
KER_7,,USA,64
KER_8,,USA,65
KER_9,,USA,58
LAK_1,,USA,54
LAK_10,,USA,60
LAK_11,,USA,53
LAK_12,,USA,60
LAK_13,,USA,57
LAK_14,,USA,57
LAK_15,,USA,66
LAK_16,,USA,66
LAK_17,,USA,61
LAK_18,,USA,61
LAK_2,,USA,53
LAK_20,,USA,61
LAK_21,,USA,66
LAK_22,,USA,68
LAK_4,,USA,60
LAK_5,,USA,58
LAK_6,,USA,62
LAK_7,,USA,61
LAK_8,,USA,62
LAK_9,,USA,63
LR_10,,USA,60
LR_11,,USA,88
LR_13,,USA,77
LR_14,,USA,88
LR_15,,USA,91
LR_16,,USA,87
LR_17,,USA,76
LR_19,,USA,80
LR_21,,USA,76
LR_3,,USA,92
LR_4,,USA,88
LR_5,,USA,65
LR_7,,USA,103
LR_8,,USA,99
LR_9,,USA,88
MAP_10,,USA,75
MAP_11,,USA,69
MAP_12,,USA,60
MAP_13,,USA,64
MAP_14,,USA,74
MAP_15,,USA,76
MAP_17,,USA,64
MAP_18,,USA,64
MAP_19,,USA,48
MAP_21,,USA,67
MAP_22,,USA,80
MAP_23,,USA,63
MAP_25,,USA,62
MAP_26,,USA,56
MAP_28,,USA,70
MAP_29,,USA,63
MAP_3,,USA,66
MAP_30,,USA,75
MAP_31,,USA,53
MAP_33,,USA,80
MAP_34,,USA,61
MAP_35,,USA,65
MAP_36,,USA,65
MAP_39,,USA,70
MAP_41,,USA,48
MAP_42,,USA,58
MAP_43,,USA,48
MAP_44,,USA,59
MAP_45,,USA,68
MAP_6,,USA,64
MAP_8,,USA,75
MAP_9,,USA,68
MDN_1,,USA,85
MDN_10,,USA,57
MDN_11,,USA,62
MDN_13,,USA,80
MDN_14,,USA,62
MDN_15,,USA,62
MDN_17,,USA,66
MDN_23,,USA,66
MDN_24,,USA,65
MDN_25,,USA,67
MDN_26,,USA,67
MDN_27,,USA,60
MDN_28,,USA,61
MDN_29,,USA,77
MDN_3,,USA,61
MDN_31,,USA,91
MDN_5,,USA,62
MDN_7,,USA,64
MDN_8,,USA,67
ME_6/2710Y1,,USA,51
ME_6/2712Y1,,USA,60
ME_6/2713Y1,,USA,68
ME_6/271B1,,USA,53
ME_6/271MI1,,USA,68
ME_6/273MI1,,USA,80
ME_6/274MI1,,USA,61
ME_6/274Y1,,USA,61
ME_6/277B1,,USA,22
ME_6/277B2,,USA,25
ME_6/277B3,,USA,62
ME_6/277B4,,USA,65
ME_6/277B5,,USA,60
ME_6/277B6,,USA,69
ME_6/277B7,,USA,70
ME_6/277B8,,USA,60
ME_6271Y1,,USA,30
ME_6275MN1,,USA,32
MNFCHE_1,,USA,22
MNFCHE_10,,USA,26
MNFCHE_11,,USA,22
MNFCHE_15,,USA,22
MNFCHE_2,,USA,63
MNFCHE_23,,USA,22
MNFCHE_28,,USA,32
MNFCHE_3,,USA,79
MNFCHE_34,,USA,32
MNFCHE_36,,USA,24
MNFCHE_39,,USA,27
MNFCHE_41,,USA,77
MNFCHE_42,,USA,64
MNFCHE_44,,USA,22
MNFCHE_45,,USA,63
MNFCHE_47,,USA,66
MNFCHE_49,,USA,64
MNFCHE_5,,USA,22
MNFCHE_50,,USA,35
MNFCHE_51,,USA,90
MNFCHE_52,,USA,85
MNFCHE_53,,USA,22
MNFCHE_58,,USA,90
MNFCHE_7,,USA,22
MNFCHE_9,,USA,22
MNFJAC_10,,USA,77
MNFJAC_12,,USA,68
MNFJAC_14,,USA,77
MNFJAC_15,,USA,75
MNFJAC_18,,USA,67
MNFJAC_2,,USA,118
MNFJAC_20,,USA,85
MNFJAC_21,,USA,77
MNFJAC_22,,USA,83
MNFJAC_24,,USA,73
MNFJAC_25,,USA,74
MNFJAC_26,,USA,99
MNFJAC_28,,USA,83
MNFJAC_30,,USA,104
MNFJAC_31,,USA,102
MNFJAC_32,,USA,103
MNFJAC_34,,USA,22
MNFJAC_38,,USA,89
MNFJAC_39,,USA,74
MNFJAC_42,,USA,62
MNFJAC_45,,USA,22
MNFJAC_46,,USA,62
MNFJAC_49,,USA,79
MNFJAC_50,,USA,93
MNFJAC_51,,USA,84
MNFJAC_52,,USA,75
MNFJAC_6,,USA,68
MNFJAC_61,,USA,77
MNFJAC_63,,USA,110
MNFJAC_64,,USA,98
MNFJAC_68,,USA,47
MNFJAC_71,,USA,88
MNFJAC_73,,USA,75
MNFJAC_74,,USA,78
MNFJAC_75,,USA,88
MNFJAC_76,,USA,82
MNFJAC_79,,USA,98
MNFJAC_81,,USA,76
MNFJAC_82,,USA,73
MNFJAC_85,,USA,71
MNFJAC_9,,USA,68
MNFPIN_1,,USA,77
MNFPIN_10,,USA,100
MNFPIN_11,,USA,96
MNFPIN_12,,USA,94
MNFPIN_14,,USA,88
MNFPIN_15,,USA,76
MNFPIN_16,,USA,84
MNFPIN_17,,USA,90
MNFPIN_2,,USA,90
MNFPIN_20,,USA,88
MNFPIN_21,,USA,97
MNFPIN_23,,USA,74
MNFPIN_24,,USA,92
MNFPIN_28,,USA,116
MNFPIN_29,,USA,127
MNFPIN_30,,USA,81
MNFPIN_31,,USA,132
MNFPIN_32,,USA,120
MNFPIN_33,,USA,93
MNFPIN_35,,USA,99
MNFPIN_38,,USA,81
MNFPIN_39,,USA,66
MNFPIN_4,,USA,75
MNFPIN_40,,USA,59
MNFPIN_41,,USA,93
MNFPIN_43,,USA,88
MNFPIN_44,,USA,76
MNFPIN_51,,USA,104
MNFPIN_52,,USA,78
MNFPIN_53,,USA,93
MNFPIN_55,,USA,92
MNFPIN_56,,USA,77
MNFPIN_58 ,,USA,127
MNFPIN_6,,USA,90
MNFPIN_60,,USA,82
MNFPIN_7,,USA,127
MNFPIN_9,,USA,83
MNFPOT_15,,USA,63
MNFPOT_21,,USA,51
MNFPOT_23,,USA,26
MNFPOT_37,,USA,39
MNFPOT_41,,USA,34
MNFPOT_46,,USA,60
MNFPOT_47,,USA,83
MNFPOT_48,,USA,33
MNFPOT_54,,USA,34
MNFPOT_55,,USA,33
MNFPOT_56,,USA,32
MNFPOT_59,,USA,34
MNFPOT_60,,USA,33
MNFPOT_61,,USA,25
MNFPOT_66,,USA,32
MNFPOT_68,,USA,96
MNFPOT_69,,USA,26
MNFPOT_70,,USA,24
MNFPOT_73,,USA,29
MNFPOT_75,,USA,64
MNFPOT_76,,USA,27
MNFPOT_8,,USA,78
MNFPOT_80,,USA,69
MNFPOT_81,,USA,63
MNFPOT_82,,USA,32
MNFRIV_1,,USA,61
MNFRIV_10,,USA,59
MNFRIV_11,,USA,57
MNFRIV_12,,USA,57
MNFRIV_13,,USA,40
MNFRIV_16,,USA,37
MNFRIV_17,,USA,38
MNFRIV_19,,USA,66
MNFRIV_2,,USA,36
MNFRIV_21,,USA,60
MNFRIV_22,,USA,50
MNFRIV_23,,USA,43
MNFRIV_24,,USA,35
MNFRIV_26,,USA,43
MNFRIV_27,,USA,42
MNFRIV_29,,USA,56
MNFRIV_30,,USA,48
MNFRIV_33,,USA,68
MNFRIV_34,,USA,50
MNFRIV_35,,USA,41
MNFRIV_36,,USA,51
MNFRIV_38,,USA,51
MNFRIV_39,,USA,51
MNFRIV_42,,USA,68
MNFRIV_45,,USA,66
MNFRIV_47,,USA,63
MNFRIV_49,,USA,55
MNFRIV_5,,USA,38
MNFRIV_50,,USA,48
MNFRIV_53,,USA,50
MNFRIV_54,,USA,50
MNFRIV_55,,USA,57
MNFRIV_56,,USA,55
MNFRIV_57,,USA,60
MNFRIV_6,,USA,38
MNFRIV_60,,USA,46
MNFRIV_66,,USA,60
MNFRIV_67,,USA,41
MNFRIV_68,,USA,41
MNFRIV_69,,USA,48
MNFRIV_7,,USA,64
MNFRIV_70,,USA,36
MNFRIV_71,,USA,46
MNFRIV_8,,USA,59
MSGA_1,,USA,76
MSGA_10,,USA,55
MSGA_11,,USA,67
MSGA_12,,USA,67
MSGA_14,,USA,62
MSGA_15,,USA,61
MSGA_18,,USA,64
MSGA_19,,USA,68
MSGA_21,,USA,61
MSGA_22,,USA,74
MSGA_23,,USA,76
MSGA_24,,USA,74
MSGA_26,,USA,61
MSGA_28,,USA,68
MSGA_30,,USA,70
MSGA_31,,USA,65
MSGA_32,,USA,65
MSGA_34,,USA,70
MSGA_36,,USA,63
MSGA_38,,USA,61
MSGA_4,,USA,67
MSGA_40,,USA,61
MSGA_42,,USA,75
MSGA_43,,USA,64
MSGA_44,,USA,71
MSGA_46,,USA,59
MSGA_47,,USA,64
MSGA_49,,USA,62
MSGA_5,,USA,67
MSGA_50,,USA,64
MSGA_52,,USA,64
MSGA_53,,USA,64
MSGA_54,,USA,61
MSGA_55,,USA,67
MSGA_56,,USA,71
MSGA_57,,USA,64
MSGA_59,,USA,62
MSGA_60,,USA,65
MSGA_61,,USA,76
MSGA_63,,USA,63
MSGA_64,,USA,60
MSGA_65,,USA,76
MSGA_66,,USA,76
MSGA_67,,USA,64
MSGA_69,,USA,76
MSGA_7,,USA,71
MSGA_8,,USA,75
MUSKSP_1,,USA,65
MUSKSP_10,,USA,64
MUSKSP_11,,USA,59
MUSKSP_18,,USA,63
MUSKSP_20,,USA,67
MUSKSP_21,,USA,63
MUSKSP_26,,USA,65
MUSKSP_27,,USA,65
MUSKSP_3,,USA,68
MUSKSP_30,,USA,63
MUSKSP_33,,USA,56
MUSKSP_35,,USA,58
MUSKSP_36,,USA,62
MUSKSP_38,,USA,59
MUSKSP_4,,USA,68
MUSKSP_52,,USA,64
MUSKSP_57,,USA,65
MUSKSP_59,,USA,64
MUSKSP_62,,USA,59
MUSKSP_63,,USA,63
MUSKSP_64,,USA,55
MUSKSP_65,,USA,60
MUSKSP_67,,USA,60
MUSKSP_68,,USA,64
MUSKSP_7,,USA,61
MUSKSP_70,,USA,74
MUSKSP_72,,USA,56
MUSKSP_74,,USA,60
MUSKSP_76,,USA,67
MUSKSP_77,,USA,74
MUSKSP_78,,USA,67
MUSKSP_79,,USA,61
MUSKSP_8,,USA,61
MUSKSP_80,,USA,63
MUSKSP_82,,USA,24
MUSKSP_83,,USA,64
MUSKSP_85,,USA,64
MUSKSP_86,,USA,84
MUSKSP_9,,USA,56
PAW_1,,USA,61
PAW_10,,USA,74
PAW_11,,USA,84
PAW_12,,USA,96
PAW_13,,USA,75
PAW_14,,USA,68
PAW_15,,USA,77
PAW_16,,USA,79
PAW_17,,USA,67
PAW_18,,USA,65
PAW_19,,USA,64
PAW_2,,USA,69
PAW_20,,USA,73
PAW_21,,USA,22
PAW_24,,USA,75
PAW_25,,USA,71
PAW_26,,USA,41
PAW_27,,USA,69
PAW_29,,USA,69
PAW_3,,USA,87
PAW_30,,USA,69
PAW_31,,USA,22
PAW_32,,USA,53
PAW_33,,USA,75
PAW_36,,USA,66
PAW_39,,USA,85
PAW_4,,USA,53
PAW_40,,USA,22
PAW_42,,USA,81
PAW_43,,USA,28
PAW_44,,USA,63
PAW_45,,USA,77
PAW_48,,USA,77
PAW_5,,USA,62
PAW_51,,USA,68
PAW_7,,USA,69
PAW_8,,USA,74
PAW_9,,USA,41
PENT_1,,USA,74
PENT_10,,USA,65
PENT_11,,USA,67
PENT_12,,USA,63
PENT_13,,USA,65
PENT_15,,USA,76
PENT_16,,USA,105
PENT_2,,USA,67
PENT_20,,USA,66
PENT_22,,USA,71
PENT_23,,USA,105
PENT_24,,USA,92
PENT_30,,USA,78
PENT_32,,USA,69
PENT_35,,USA,71
PENT_37,,USA,73
PENT_38,,USA,72
PENT_39,,USA,69
PENT_4,,USA,72
PENT_43,,USA,76
PENT_45,,USA,69
PENT_46,,USA,70
PENT_47,,USA,76
PENT_49,,USA,55
PENT_5,,USA,68
PENT_51,,USA,68
PENT_53,,USA,68
PENT_55,,USA,60
PENT_56,,USA,66
PENT_57,,USA,67
PENT_58,,USA,68
PENT_59,,USA,79
PENT_60,,USA,67
PENT_61,,USA,68
PENT_63,,USA,55
PENT_65,,USA,67
PENT_66,,USA,64
PENT_67,,USA,22
PENT_7,,USA,65
PENT_8,,USA,63
PENT_9,,USA,63
PNA_6/271Y1,,USA,61
PNA_6/272B1,,USA,101
PNA_6/272B2,,USA,41
PNA_6/272B3,,USA,81
PNA_6/272X1,,USA,118
PNA_6/273M2,,USA,75
PNA_6/273M3,,USA,76
PNA_6/273M4,,USA,74
PNA_6/273M6,,USA,81
PNA_6272Y1,,USA,32
RIV_1,,USA,61
RIV_12,,USA,66
RIV_16,,USA,60
RIV_19,,USA,62
RIV_2,,USA,60
RIV_20,,USA,62
RIV_22,,USA,68
RIV_24,,USA,62
RIV_25,,USA,60
RIV_26,,USA,56
RIV_27,,USA,62
RIV_28,,USA,60
RIV_30,,USA,58
RIV_31,,USA,60
RIV_32,,USA,56
RIV_33,,USA,69
RIV_34,,USA,60
RIV_36,,USA,66
RIV_37,,USA,57
RIV_38,,USA,61
RIV_39,,USA,61
RIV_40,,USA,67
RIV_41,,USA,68
RIV_42,,USA,62
RIV_43,,USA,57
RIV_44,,USA,54
RIV_45,,USA,54
RIV_46,,USA,71
RIV_47,,USA,61
RIV_48,,USA,55
RIV_49,,USA,68
RIV_50,,USA,62
RIV_51,,USA,48
RIV_52,,USA,60
RIV_53,,USA,60
RIV_54,,USA,62
RIV_55,,USA,60
RIV_56,,USA,60
RIV_58,,USA,66
RIV_59,,USA,62
RIV_6,,USA,62
RIV_60,,USA,64
RIV_8,,USA,62
RIV_9,,USA,67
RMX_6/27X2,,USA,90
RMX_6/27X4,,USA,116
SLSP_27,,USA,59
SLSP_28,,USA,63
SLSP_30,,USA,22
SLSP_31,,USA,98
SLSP_34,,USA,22
SLSP_35,,USA,67
SLSP_49,,USA,22
SLSP_58,,USA,25
SLSP_60,,USA,22
SLSP_67,,USA,70
SLSP_69,,USA,67
SLSP_71,,USA,22
SLSP_72,,USA,22
SLSP_74,,USA,22
SLSP_77,,USA,22
STE_1,,USA,25
STE_10,,USA,25
STE_11,,USA,50
STE_12,,USA,47
STE_13,,USA,50
STE_14,,USA,36
STE_15,,USA,61
STE_16,,USA,60
STE_17,,USA,48
STE_18,,USA,48
STE_19,,USA,53
STE_2,,USA,26
STE_20,,USA,60
STE_25,,USA,47
STE_26,,USA,55
STE_29,,USA,25
STE_3,,USA,26
STE_30,,USA,67
STE_31,,USA,32
STE_32,,USA,26
STE_33,,USA,59
STE_34,,USA,48
STE_35,,USA,26
STE_36,,USA,46
STE_37,,USA,24
STE_40,,USA,24
STE_5,,USA,27
STE_6,,USA,26
STE_7,,USA,25
STE_9,,USA,26
WILCOX_11,,USA,25
WILCOX_12,,USA,22
WILCOX_13,,USA,22
WILCOX_15,,USA,26
WILCOX_16,,USA,28
WILCOX_17,,USA,22
WILCOX_19,,USA,24
WILCOX_2,,USA,25
WILCOX_20,,USA,22
WILCOX_23,,USA,26
WILCOX_26,,USA,24
WILCOX_27,,USA,24
WILCOX_3,,USA,24
WILCOX_31,,USA,24
WILCOX_32,,USA,22
WILCOX_35,,USA,22
WILCOX_39,,USA,22
WILCOX_4,,USA,22
WILCOX_41,,USA,22
WILCOX_42,,USA,22
WILCOX_43,,USA,22
WILCOX_44,,USA,22
WILCOX_47,,USA,24
WILCOX_48,,USA,22
WILCOX_50,,USA,24
WILCOX_51,,USA,22
WILCOX_55,,USA,24
WILCOX_57,,USA,22
WILCOX_58,,USA,24
WILCOX_59,,USA,40
WILCOX_61,,USA,68
WILCOX_64,,USA,22
WILCOX_67,,USA,24
WILCOX_69,,USA,22
WILCOX_7,,USA,22
WILCOX_75,,USA,22
WILCOX_78,,USA,22
WILCOX_79,,USA,24
WILCOX_8,,USA,22
WILCOX_80,,USA,24
WILCOX_81,,USA,24
WILCOX_82,,USA,22
WILCOX_84,,USA,22
WILCOX_86,,USA,22
WILCOX_87,,USA,22
WILCOX_89,,USA,24
WILCOX_91,,USA,24
WILCOX_95,,USA,26
WILCOX_96,,USA,22
YNG_1,,USA,60
YNG_10,,USA,65
YNG_11,,USA,75
YNG_12,,USA,53
YNG_13,,USA,62
YNG_15,,USA,59
YNG_16,,USA,63
YNG_17,,USA,68
YNG_18,,USA,57
YNG_19,,USA,64
YNG_2,,USA,60
YNG_20,,USA,53
YNG_22,,USA,58
YNG_23,,USA,53
YNG_24,,USA,67
YNG_25,,USA,63
YNG_26,,USA,64
YNG_27,,USA,64
YNG_28,,USA,68
YNG_29,,USA,55
YNG_3,,USA,61
YNG_31,,USA,53
YNG_32,,USA,54
YNG_33,,USA,48
YNG_34,,USA,65
YNG_35,,USA,65
YNG_36,,USA,60
YNG_37,,USA,58
YNG_38,,USA,65
YNG_39,,USA,60
YNG_4,,USA,48
YNG_40,,USA,58
YNG_41,,USA,64
YNG_42,,USA,58
YNG_43,,USA,68
YNG_44,,USA,68
YNG_46,,USA,65
YNG_47,,USA,54
YNG_48,,USA,55
YNG_49,,USA,63
YNG_50,,USA,61
YNG_53,,USA,54
YNG_6,,USA,56
YNG_7,,USA,82
YNG_8,,USA,67
YNG_9,,USA,62
CS_22671,Aur-0,USA,34
CS_8068,Berkeley,USA,24
CS_22341,BG-1,USA,44
CS_22342,BG-2,USA,35
CS_22343,BG-3,USA,28
CS_22344,BG-4,USA,33
CS_22345,BG-5,USA,42
CS_22346,BG-6,USA,42
CS_22347,BG-7,USA,25
CS_22349,BG-9,USA,43
CS_8067,Buckhorn Pass,USA,
CS_6673,Col-0,USA,24
CS_22625,Col-0,USA,24
CS_60000,Col-0,USA,24
CS_3176,Col-1,USA,24
CS_907,Col-2,USA,24
CS_908,Col-3,USA,24
CS_933,Col-4,USA,24
CS_3731,Col-7,USA,28
CS_3879,Col(gl1),USA,24
CS_6930,Col-5(gl1),USA,24
CS_8155,Col-6(gl1),USA,24
CS_22419,CSHL-1,USA,53
CS_22420,CSHL-2,USA,50
CS_22421,CSHL-3,USA,53
CS_22422,CSHL-4,USA,39
CS_22423,CSHL-5,USA,31
CS_22424,CSHL-6,USA,67
CS_22425,CSHL-7,USA,53
CS_22426,CSHL-8,USA,53
CS_22427,CSHL-9,USA,
CS_22428,CSHL-10,USA,32
CS_22429,CSHL-11,USA,46
CS_22430,CSHL-12,USA,
CS_22431,CSHL-13,USA,64
CS_22432,CSHL-14,USA,55
CS_22433,CSHL-15,USA,
CS_22434,CSHL-17,USA,
CS_8141,ENF,USA,35
CS_22385,FM-3,USA,
CS_22389,FM-8,USA,63
CS_22390,FM-9,USA,60
CS_22391,FM-10,USA,60
CS_22392,FM-11,USA,60
CS_22393,FM-12,USA,60
CS_22394,FM-13,USA,69
CS_22395,FM-14,USA,
CS_22396,FM-15,USA,63
CS_22398,FM-18,USA,
CS_22399,FM-19,USA,63
CS_22400,FM-20,USA,
CS_6729,Gre-0,USA,
CS_22351,HS-1,USA,
CS_22353,HS-7,USA,55
CS_22354,HS-10,USA,
CS_22355,HS-11,USA,
CS_22356,HS-12,USA,52
CS_22359,HS-17,USA,47
CS_8142,KEN,USA,
CS_6755,Kin-0,USA,35
CS_22654,Kin-0,USA,35
CS_22401,KNO-1,USA,
CS_22402,KNO-2,USA,
CS_22403,KNO-3,USA,41
CS_22404,KNO-4,USA,39
CS_22405,KNO-5,USA,39
CS_22406,KNO-6,USA,55
CS_22407,KNO-7,USA,40
CS_22408,KNO-8,USA,46
CS_22409,KNO-9,USA,47
CS_22410,KNO-10,USA,56
CS_22566,KNO-10,USA,55
CS_22411,KNO-11,USA,49
CS_22412,KNO-12,USA,
CS_22413,KNO-13,USA,55
CS_22414,KNO-14,USA,
CS_22415,KNO-15,USA,47
CS_22416,KNO-16,USA,66
CS_22417,KNO-17,USA,56
CS_22418,KNO-18,USA,34
CS_22567,KNO-18,USA,34
CS_8070,Limeport,USA,26
CS_8144,LIN,USA,30
CS_6914,Mv-0,USA,47
CS_22571,Pna-10,USA,70
CS_22570,Pna-17,USA,
CS_22568,Rmx-A02,USA,60
CS_22569,Rmx-A180,USA,38
CS_22362,RP-1,USA,
CS_22363,RP-2,USA
CS_22364,RP-3,USA
CS_22365,RP-4,USA
CS_22366,RP-5,USA
CS_22367,RP-6,USA
CS_22368,RP-7,USA
CS_22369,RP-8,USA
CS_22370,RP-9,USA
CS_22371,RP-10,USA
CS_22372,RP-11,USA
CS_22375,RP-14,USA
CS_22376,RP-15,USA
CS_22377,RP-16,USA
CS_22378,RP-17,USA
CS_22379,RP-18,USA
CS_22380,RP-19,USA
CS_22381,RP-20,USA,
CS_22382,RP-21,USA,
CS_22383,RP-22,USA,
CS_8069,Santa Clara,USA,31
CS_6188,Seattle-0,USA,33
CS_3885,Tac-0,USA,46
CS_8020,Tol-0,USA,52
CS_8021,Tol-1,USA,
CS_8022,Tol-2,USA,
CS_8023,Tol-3,USA,70
CS_8024,Tol-4,USA,66
CS_8025,Tol-5,USA,66
CS_8026,Tol-6,USA,73
CS_8027,Tol-7,USA,63
CS_8028,Tol-8,USA,74
CS_8029,Tol-9,USA,63
CS_6877,Tul-0,USA,73
CS_8143,WAR,USA,31
CS_6901,Yo-0,USA,
CS_22624,Yo-0,USA,
DM_1.01,,USA,
DM_1.02,,USA,
DM_1.03,,USA,
DM_1.04,,USA,
DM_1.05,,USA,
DM_1.06,,USA,
DM_1.08,,USA,
DM_1.10,,USA,
DM_1.103,,USA,
DM_1.109,,USA,
DM_1.11,,USA,
DM_1.114,,USA,
DM_1.12,,USA
DM_1.13,,USA
DM_1.14,,USA
DM_1.17,,USA
DM_1.18,,USA
DM_1.19,,USA
DM_1.20,,USA
DM_1.22,,USA
DM_1.23,,USA
DM_1.24,,USA
DM_1.29,,USA
DM_1.36,,USA
DM_1.37,,USA
DM_1.38,,USA
DM_1.39,,USA
DM_1.41,,USA
DM_1.42,,USA
DM_1.43,,USA
DM_1.44,,USA
DM_1.45,,USA
DM_1.47,,USA
DM_1.57,,USA
DM_1.60,,USA
DM_1.62,,USA
DM_1.63,,USA
DM_1.64,,USA
DM_1.65,,USA
DM_1.69,,USA
DM_1.70,,USA
DM_1.71,,USA
DM_1.72,,USA
DM_1.75,,USA
DM_1.78,,USA
DM_1.80,,USA
DM_1.81,,USA
DM_1.82,,USA
DM_1.90,,USA
DM_1.91,,USA
DM_2.01,,USA
DM_2.05,,USA
DM_2.06,,USA
DM_2.10,,USA
DM_2.12,,USA
DM_2.13,,USA
DM_2.14,,USA
DM_2.15,,USA
DM_2.16,,USA
DM_2.17,,USA
DM_2.19,,USA
DM_2.21,,USA
DM_2.22,,USA
DM_2.23,,USA
DM_2.25,,USA
DM_2.26,,USA
DM_2.27,,USA
DM_2.28,,USA
DM_2.32,,USA
DM_2.39,,USA
DM_2.40,,USA
DM_2.53,,USA
DM_2.54,,USA
DM_2.57,,USA
DM_2.58,,USA
DM_2.60,,USA
DM_2.61,,USA
DM_2.62,,USA
DM_2.63,,USA
DM_2.64,,USA
DM_2.67,,USA
DM_2.68,,USA
DM_2.69,,USA
DM_2.70,,USA
DM_2.72,,USA
DM_2.73,,USA
DM_2.74,,USA
DM_2.75,,USA
DM_2.76,,USA
DM_2.78,,USA
DM_2.79,,USA
DM_2.80,,USA
DM_2.81,,USA
DM_2.82,,USA
DM_2.83,,USA
DM_2.84,,USA
DM_2.85,,USA
DM_2.86,,USA
DM_2.87,,USA
DM_2.88,,USA
KN_1.01,,USA
KN_1.02,,USA
KN_1.03,,USA
KN_1.04,,USA
KN_1.05,,USA
KN_1.06,,USA
KN_1.08,,USA
KN_1.09,,USA
KN_1.10,,USA
KN_1.12,,USA
KN_1.13,,USA
KN_1.18,,USA
KN_1.19,,USA
KN_1.21,,USA
KN_1.22,,USA
KN_1.23,,USA
KN_1.24,,USA
KN_1.25,,USA
KN_1.26,,USA
KN_1.27,,USA
KN_1.28,,USA
KN_1.29,,USA
KN_1.30,,USA
KN_1.31,,USA
KN_1.32,,USA
KN_1.33,,USA
KN_1.34,,USA
KN_1.35,,USA
KN_1.36,,USA
KN_1.37,,USA
KN_1.38,,USA
KN_1.39,,USA
KN_1.40,,USA
KN_1.41,,USA
KN_1.42,,USA
KN_1.43,,USA
KN_1.44,,USA
KN_1.45,,USA
KN_1.46,,USA
KN_1.47,,USA
KN_1.48,,USA
KN_1.50,,USA
KN_1.51,,USA
KN_1.52,,USA
KN_1.53,,USA
KN_1.54,,USA
KN_1.55,,USA
KN_1.56,,USA
KN_1.57,,USA
KN_1.58,,USA
KN_2.01,,USA
KN_2.02,,USA
KN_2.13,,USA
KN_2.14,,USA
KN_2.15,,USA
KN_2.18,,USA
KN_2.19,,USA
KN_2.20,,USA
KN_2.21,,USA
KN_2.22,,USA
KN_2.23,,USA
KN_2.26,,USA
KN_2.27,,USA
KN_2.35,,USA
KN_2.36,,USA
KN_2.37,,USA
KN_2.38,,USA
KN_2.39,,USA
KN_2.40,,USA
KN_2.41,,USA
KN_2.43,,USA
KN_2.44,,USA
KN_2.45,,USA
KN_2.46,,USA
KN_2.47,,USA
KN_2.49,,USA
KN_2.50,,USA
KN_2.51,,USA
KN_2.53,,USA
KN_2.54,,USA
KN_2.55,,USA
KN_2.56,,USA
KN_2.57,,USA
KN_2.58,,USA
KN_2.59,,USA
KN_2.60,,USA
KN_2.61,,USA
KN_2.62,,USA
KN_2.63,,USA
KN_2.65,,USA
KN_2.66,,USA
KN_2.67,,USA
KN_2.69,,USA
KN_2.70,,USA
KN_2.71,,USA
KN_2.72,,USA
KN_2.73,,USA
KN_2.74,,USA
KN_2.75,,USA
KN_2.77,,USA
KN_2A,,USA
KN_2C,,USA
KN_3A,,USA
KN_3B,,USA
ME_3.01,,USA
ME_3.02,,USA
ME_3.03,,USA
ME_3.04,,USA
ME_3.05,,USA
ME_3.06,,USA
ME_3.07,,USA
ME_3.09,,USA
ME_3.10,,USA
ME_3.11,,USA
ME_3.12,,USA
ME_3.13,,USA
ME_3.14,,USA
ME_3.15,,USA
ME_3.16,,USA
ME_3.17,,USA
ME_3.18,,USA
ME_3.19,,USA
ME_3.20,,USA
ME_3.21,,USA
ME_3.22,,USA
ME_3.23,,USA
ME_3.24,,USA
ME_3.25,,USA
ME_3.26,,USA
ME_3.27,,USA
ME_3.28,,USA
ME_3.29,,USA
ME_3.30,,USA
ME_3.31,,USA
ME_3.32,,USA
ME_3.33,,USA
ME_3.34,,USA
ME_3.35,,USA
ME_3.36,,USA
ME_3.37,,USA
ME_3.38,,USA
ME_3.39,,USA
ME_3.40,,USA
ME_3.41,,USA
ME_3.42,,USA
ME_3.43,,USA
ME_3.44,,USA
ME_3.45,,USA
ME_3.46,,USA
ME_3.47,,USA
ME_3.48,,USA
ME_3.49,,USA
ME_3.50,,USA
ME_3.51,,USA
ME_4.01,,USA
ME_4.02,,USA
ME_4.03,,USA
ME_4.04,,USA
ME_4.05,,USA
ME_4.06,,USA
ME_4.07,,USA
ME_4.08,,USA
ME_4.09,,USA
ME_4.10,,USA
ME_4.11,,USA
ME_4.12,,USA
ME_4.13,,USA
ME_4.14,,USA
ME_4.15,,USA
ME_4.16,,USA
ME_4.17,,USA
ME_4.18,,USA
ME_4.19,,USA
ME_4.20,,USA
ME_4.21,,USA
ME_4.22,,USA
ME_4.23,,USA
ME_4.24,,USA
ME_4.25,,USA
ME_4.26,,USA
ME_4.27,,USA
ME_4.28,,USA
ME_4.29,,USA
ME_4.30,,USA
ME_4.31,,USA
ME_4.32,,USA
ME_4.33,,USA
ME_4.34,,USA
ME_4.35,,USA
ME_4.36,,USA
ME_4.37,,USA
ME_4.38,,USA
ME_4.39,,USA
ME_4.40,,USA
ME_4.41,,USA
ME_4.42,,USA
ME_4.43,,USA
ME_4.44,,USA
ME_4.45,,USA
ME_4.46,,USA
ME_4.47,,USA
ME_4.48,,USA
ME_4.49,,USA
ME_4.50,,USA
PNA_3.01,,USA
PNA_3.02,,USA
PNA_3.03,,USA
PNA_3.04,,USA
PNA_3.05,,USA
PNA_3.06,,USA
PNA_3.07,,USA
PNA_3.08,,USA
PNA_3.09,,USA
PNA_3.10,,USA
PNA_3.11,,USA
PNA_3.12,,USA
PNA_3.13,,USA
PNA_3.14,,USA
PNA_3.15,,USA
PNA_3.16,,USA
PNA_3.17,,USA
PNA_3.18,,USA
PNA_3.19,,USA
PNA_3.20,,USA
PNA_3.21,,USA
PNA_3.22,,USA
PNA_3.23,,USA
PNA_3.24,,USA
PNA_3.25,,USA
PNA_3.26,,USA
PNA_3.27,,USA
PNA_3.28,,USA
PNA_3.29,,USA
PNA_3.30,,USA
PNA_3.31,,USA
PNA_3.32,,USA
PNA_3.33,,USA
PNA_3.34,,USA
PNA_3.35,,USA
PNA_3.36,,USA
PNA_3.37,,USA
PNA_3.38,,USA
PNA_3.39,,USA
PNA_3.40,,USA
PNA_3.41,,USA
PNA_3.42,,USA
PNA_3.43,,USA
PNA_3.44,,USA
PNA_3.45,,USA
PNA_3.46,,USA
PNA_3.47,,USA
PNA_3.48,,USA
PNA_3.49,,USA
PNA_3.50,,USA
PNA_4.01,,USA
PNA_4.02,,USA
PNA_4.03,,USA
PNA_4.04,,USA
PNA_4.05,,USA
PNA_4.06,,USA
PNA_4.07,,USA
PNA_4.08,,USA
PNA_4.09,,USA
PNA_4.10,,USA
PNA_4.11,,USA
PNA_4.12,,USA
PNA_4.13,,USA
PNA_4.14,,USA
PNA_4.15,,USA
PNA_4.16,,USA
PNA_4.17,,USA
PNA_4.18,,USA
PNA_4.19,,USA
PNA_4.20,,USA
PNA_4.21,,USA
PNA_4.22,,USA
PNA_4.23,,USA
PNA_4.24,,USA
PNA_4.25,,USA
PNA_4.26,,USA
PNA_4.27,,USA
PNA_4.28,,USA
PNA_4.29,,USA
PNA_4.30,,USA
PNA_4.31,,USA
PNA_4.32,,USA
PNA_4.33,,USA
PNA_4.34,,USA
PNA_4.35,,USA
PNA_4.36,,USA
PNA_4.37,,USA
PNA_4.38,,USA
PNA_4.39,,USA
PNA_4.40,,USA
PNA_4.41,,USA
PNA_4.42,,USA
PNA_4.43,,USA
PNA_4.44,,USA
PNA_4.45,,USA
PNA_4.46,,USA
PNA_4.47,,USA
PNA_4.48,,USA
PNA_4.49,,USA
PNA_4.50,,USA
PT_1.01,,USA
PT_1.02,,USA
PT_1.03,,USA
PT_1.04,,USA
PT_1.07,,USA
PT_1.08,,USA
PT_1.09,,USA
PT_1.10,,USA
PT_1.11,,USA
PT_1.12,,USA
PT_1.13,,USA
PT_1.14,,USA
PT_1.21,,USA
PT_1.22,,USA
PT_1.23,,USA
PT_1.24,,USA
PT_1.26,,USA
PT_1.27,,USA
PT_1.28,,USA
PT_1.29,,USA
PT_1.30,,USA
PT_1.31,,USA
PT_1.32,,USA
PT_1.33,,USA
PT_1.36,,USA
PT_1.37,,USA
PT_1.49,,USA
PT_1.50,,USA
PT_1.51,,USA
PT_1.52,,USA
PT_1.56,,USA
PT_1.57,,USA
PT_1.58,,USA
PT_1.59,,USA
PT_1.60,,USA
PT_1.62,,USA
PT_1.63,,USA
PT_1.66,,USA
PT_1.71,,USA
PT_1.72,,USA
PT_1.73,,USA
PT_1.74,,USA
PT_1.75,,USA
PT_1.76,,USA
PT_1.77,,USA
PT_1.79,,USA
PT_1.80,,USA
PT_1.81,,USA
PT_1.82,,USA
PT_1.85,,USA
PT_2.01,,USA
PT_2.02,,USA
PT_2.04,,USA
PT_2.05,,USA
PT_2.06,,USA
PT_2.07,,USA
PT_2.08,,USA
PT_2.09,,USA
PT_2.10,,USA
PT_2.11,,USA
PT_2.12,,USA
PT_2.13,,USA
PT_2.14,,USA
PT_2.15,,USA
PT_2.16,,USA
PT_2.17,,USA
PT_2.18,,USA
PT_2.19,,USA
PT_2.20,,USA
PT_2.21,,USA
PT_2.22,,USA
PT_2.23,,USA
PT_2.24,,USA
PT_2.25,,USA
PT_2.27,,USA
PT_2.28,,USA
PT_2.29,,USA
PT_2.30,,USA
PT_2.31,,USA
PT_2.32,,USA
PT_2.33,,USA
PT_2.34,,USA
PT_2.35,,USA
PT_2.36,,USA
PT_2.37,,USA
PT_2.40,,USA
PT_2.41,,USA
PT_2.42,,USA
PT_2.43,,USA
PT_2.44,,USA
PT_2.45,,USA
PT_2.46,,USA
PT_2.47,,USA
PT_2.48,,USA
PT_2.49,,USA
PT_2.50,,USA
PT_2.51,,USA
PT_2.53,,USA
PT_2.54,,USA
PT_2.55,,USA
RMX_3.01,,USA
RMX_3.02,,USA
RMX_3.03,,USA
RMX_3.04,,USA
RMX_3.05,,USA
RMX_3.07,,USA
RMX_3.08,,USA
RMX_3.09,,USA
RMX_3.10,,USA
RMX_3.11,,USA
RMX_3.12,,USA
RMX_3.13,,USA
RMX_3.14,,USA
RMX_3.15,,USA
RMX_3.16,,USA
RMX_3.17,,USA
RMX_3.19,,USA
RMX_3.20,,USA
RMX_3.21,,USA
RMX_3.22,,USA
RMX_3.23,,USA
RMX_3.24,,USA
RMX_3.25,,USA
RMX_3.26,,USA
RMX_3.27,,USA
RMX_3.28,,USA
RMX_3.29,,USA
RMX_3.30,,USA
RMX_3.31,,USA
RMX_3.32,,USA
RMX_3.33,,USA
RMX_3.34,,USA
RMX_3.35,,USA
RMX_3.36,,USA
RMX_3.37,,USA
RMX_3.38,,USA
RMX_3.39,,USA
RMX_3.40,,USA
RMX_3.41,,USA
RMX_3.42,,USA
RMX_3.44,,USA
RMX_3.45,,USA
RMX_3.46,,USA
RMX_3.47,,USA
RMX_3.48,,USA
RMX_3.49,,USA
RMX_3.50,,USA
RMX_3.51,,USA
RMX_3.52,,USA
RMX_3.54,,USA
RMX_4.01,,USA
RMX_4.02,,USA
RMX_4.03,,USA
RMX_4.04,,USA
RMX_4.05,,USA
RMX_4.09,,USA
RMX_4.10,,USA
RMX_4.11,,USA
RMX_4.118,,USA
RMX_4.12,,USA
RMX_4.14,,USA
RMX_4.31,,USA
RMX_4.35,,USA
RMX_4.36,,USA
RMX_4.37,,USA
RMX_4.38,,USA
RMX_4.39,,USA
RMX_4.40,,USA
RMX_4.41,,USA
RMX_4.42,,USA
RMX_4.53,,USA
RMX_4.54,,USA
RMX_4.55,,USA
RMX_4.56,,USA
RMX_4.57,,USA
RMX_4.58,,USA
RMX_4.59,,USA
RMX_4.60,,USA
RMX_4.61,,USA
RMX_4.63,,USA
RMX_5.01,,USA
RMX_5.02,,USA
RMX_5.03,,USA
RMX_5.04,,USA
RMX_5.08,,USA
RMX_5.09,,USA
RMX_5.10,,USA
RMX_5.11,,USA
RMX_5.12,,USA
RMX_5.13,,USA
RMX_5.14,,USA
RMX_5.15,,USA
RMX_5.26,,USA
RMX_5.27,,USA
RMX_5.28,,USA
RMX_5.29,,USA
RMX_5.30,,USA
RMX_5.31,,USA
RMX_5.32,,USA
RMX_5.33,,USA
